eia_series,series_id,period,value
BREPUUS,brent_price,1990-01,21.251
BREPUUS,brent_price,1990-02,19.813
BREPUUS,brent_price,1990-03,18.387
BREPUUS,brent_price,1990-04,16.612
BREPUUS,brent_price,1990-05,16.352
BREPUUS,brent_price,1990-06,15.104
BREPUUS,brent_price,1990-07,17.169
BREPUUS,brent_price,1990-08,27.167
BREPUUS,brent_price,1990-09,34.899
BREPUUS,brent_price,1990-10,36.022
BREPUUS,brent_price,1990-11,33.067
BREPUUS,brent_price,1990-12,28.273
BREPUUS,brent_price,1991-01,23.566
BREPUUS,brent_price,1991-02,19.536
BREPUUS,brent_price,1991-03,19.082
BREPUUS,brent_price,1991-04,19.18
BREPUUS,brent_price,1991-05,19.186
BREPUUS,brent_price,1991-06,18.167
BREPUUS,brent_price,1991-07,19.396
BREPUUS,brent_price,1991-08,19.772
BREPUUS,brent_price,1991-09,20.501
BREPUUS,brent_price,1991-10,22.206
BREPUUS,brent_price,1991-11,21.108
BREPUUS,brent_price,1991-12,18.41
BREPUUS,brent_price,1992-01,18.163
BREPUUS,brent_price,1992-02,18.053
BREPUUS,brent_price,1992-03,17.63
BREPUUS,brent_price,1992-04,18.919
BREPUUS,brent_price,1992-05,19.888
BREPUUS,brent_price,1992-06,21.158
BREPUUS,brent_price,1992-07,20.236
BREPUUS,brent_price,1992-08,19.738
BREPUUS,brent_price,1992-09,20.27
BREPUUS,brent_price,1992-10,20.261
BREPUUS,brent_price,1992-11,19.214
BREPUUS,brent_price,1992-12,18.139
BREPUUS,brent_price,1993-01,17.386
BREPUUS,brent_price,1993-02,18.466
BREPUUS,brent_price,1993-03,18.785
BREPUUS,brent_price,1993-04,18.674
BREPUUS,brent_price,1993-05,18.507
BREPUUS,brent_price,1993-06,17.652
BREPUUS,brent_price,1993-07,16.775
BREPUUS,brent_price,1993-08,16.696
BREPUUS,brent_price,1993-09,16.011
BREPUUS,brent_price,1993-10,16.606
BREPUUS,brent_price,1993-11,15.196
BREPUUS,brent_price,1993-12,13.725
BREPUUS,brent_price,1994-01,14.291
BREPUUS,brent_price,1994-02,13.802
BREPUUS,brent_price,1994-03,13.822
BREPUUS,brent_price,1994-04,15.231
BREPUUS,brent_price,1994-05,16.188
BREPUUS,brent_price,1994-06,16.763
BREPUUS,brent_price,1994-07,17.599
BREPUUS,brent_price,1994-08,16.892
BREPUUS,brent_price,1994-09,15.895
BREPUUS,brent_price,1994-10,16.49
BREPUUS,brent_price,1994-11,17.191
BREPUUS,brent_price,1994-12,15.932
BREPUUS,brent_price,1995-01,16.551
BREPUUS,brent_price,1995-02,17.114
BREPUUS,brent_price,1995-03,17.006
BREPUUS,brent_price,1995-04,18.648
BREPUUS,brent_price,1995-05,18.35
BREPUUS,brent_price,1995-06,17.312
BREPUUS,brent_price,1995-07,15.854
BREPUUS,brent_price,1995-08,16.096
BREPUUS,brent_price,1995-09,16.699
BREPUUS,brent_price,1995-10,16.11
BREPUUS,brent_price,1995-11,16.86
BREPUUS,brent_price,1995-12,17.925
BREPUUS,brent_price,1996-01,17.853
BREPUUS,brent_price,1996-02,17.999
BREPUUS,brent_price,1996-03,19.851
BREPUUS,brent_price,1996-04,20.9
BREPUUS,brent_price,1996-05,19.154
BREPUUS,brent_price,1996-06,18.456
BREPUUS,brent_price,1996-07,19.57
BREPUUS,brent_price,1996-08,20.512
BREPUUS,brent_price,1996-09,22.63
BREPUUS,brent_price,1996-10,24.162
BREPUUS,brent_price,1996-11,22.759
BREPUUS,brent_price,1996-12,23.783
BREPUUS,brent_price,1997-01,23.537
BREPUUS,brent_price,1997-02,20.85
BREPUUS,brent_price,1997-03,19.133
BREPUUS,brent_price,1997-04,17.555
BREPUUS,brent_price,1997-05,19.022
BREPUUS,brent_price,1997-06,17.58
BREPUUS,brent_price,1997-07,18.464
BREPUUS,brent_price,1997-08,18.595
BREPUUS,brent_price,1997-09,18.46
BREPUUS,brent_price,1997-10,19.865
BREPUUS,brent_price,1997-11,19.174
BREPUUS,brent_price,1997-12,17.181
BREPUUS,brent_price,1998-01,15.186
BREPUUS,brent_price,1998-02,14.069
BREPUUS,brent_price,1998-03,13.103
BREPUUS,brent_price,1998-04,13.526
BREPUUS,brent_price,1998-05,14.363
BREPUUS,brent_price,1998-06,12.206
BREPUUS,brent_price,1998-07,12.079
BREPUUS,brent_price,1998-08,11.914
BREPUUS,brent_price,1998-09,13.343
BREPUUS,brent_price,1998-10,12.702
BREPUUS,brent_price,1998-11,11.039
BREPUUS,brent_price,1998-12,9.824
BREPUUS,brent_price,1999-01,11.114
BREPUUS,brent_price,1999-02,10.271
BREPUUS,brent_price,1999-03,12.511
BREPUUS,brent_price,1999-04,15.294
BREPUUS,brent_price,1999-05,15.225
BREPUUS,brent_price,1999-06,15.863
BREPUUS,brent_price,1999-07,19.08
BREPUUS,brent_price,1999-08,20.219
BREPUUS,brent_price,1999-09,22.543
BREPUUS,brent_price,1999-10,22.002
BREPUUS,brent_price,1999-11,24.584
BREPUUS,brent_price,1999-12,25.473
BREPUUS,brent_price,2000-01,25.511
BREPUUS,brent_price,2000-02,27.775
BREPUUS,brent_price,2000-03,27.486
BREPUUS,brent_price,2000-04,22.764
BREPUUS,brent_price,2000-05,27.737
BREPUUS,brent_price,2000-06,29.795
BREPUUS,brent_price,2000-07,28.682
BREPUUS,brent_price,2000-08,30.196
BREPUUS,brent_price,2000-09,33.144
BREPUUS,brent_price,2000-10,30.96
BREPUUS,brent_price,2000-11,32.552
BREPUUS,brent_price,2000-12,25.66
BREPUUS,brent_price,2001-01,25.624
BREPUUS,brent_price,2001-02,27.503
BREPUUS,brent_price,2001-03,24.497
BREPUUS,brent_price,2001-04,25.657
BREPUUS,brent_price,2001-05,28.313
BREPUUS,brent_price,2001-06,27.849
BREPUUS,brent_price,2001-07,24.613
BREPUUS,brent_price,2001-08,25.68
BREPUUS,brent_price,2001-09,25.619
BREPUUS,brent_price,2001-10,20.537
BREPUUS,brent_price,2001-11,18.797
BREPUUS,brent_price,2001-12,18.705
BREPUUS,brent_price,2002-01,19.416
BREPUUS,brent_price,2002-02,20.275
BREPUUS,brent_price,2002-03,23.696
BREPUUS,brent_price,2002-04,25.728
BREPUUS,brent_price,2002-05,25.345
BREPUUS,brent_price,2002-06,24.081
BREPUUS,brent_price,2002-07,25.736
BREPUUS,brent_price,2002-08,26.651
BREPUUS,brent_price,2002-09,28.399
BREPUUS,brent_price,2002-10,27.543
BREPUUS,brent_price,2002-11,24.335
BREPUUS,brent_price,2002-12,28.334
BREPUUS,brent_price,2003-01,31.183
BREPUUS,brent_price,2003-02,32.771
BREPUUS,brent_price,2003-03,30.612
BREPUUS,brent_price,2003-04,24.998
BREPUUS,brent_price,2003-05,25.857
BREPUUS,brent_price,2003-06,27.652
BREPUUS,brent_price,2003-07,28.348
BREPUUS,brent_price,2003-08,29.888
BREPUUS,brent_price,2003-09,27.112
BREPUUS,brent_price,2003-10,29.607
BREPUUS,brent_price,2003-11,28.752
BREPUUS,brent_price,2003-12,29.807
BREPUUS,brent_price,2004-01,31.28
BREPUUS,brent_price,2004-02,30.858
BREPUUS,brent_price,2004-03,33.634
BREPUUS,brent_price,2004-04,33.59
BREPUUS,brent_price,2004-05,37.567
BREPUUS,brent_price,2004-06,35.183
BREPUUS,brent_price,2004-07,38.221
BREPUUS,brent_price,2004-08,42.744
BREPUUS,brent_price,2004-09,43.196
BREPUUS,brent_price,2004-10,49.776
BREPUUS,brent_price,2004-11,43.11
BREPUUS,brent_price,2004-12,39.602
BREPUUS,brent_price,2005-01,44.509
BREPUUS,brent_price,2005-02,45.475
BREPUUS,brent_price,2005-03,53.104
BREPUUS,brent_price,2005-04,51.883
BREPUUS,brent_price,2005-05,48.645
BREPUUS,brent_price,2005-06,54.354
BREPUUS,brent_price,2005-07,57.52
BREPUUS,brent_price,2005-08,63.983
BREPUUS,brent_price,2005-09,62.908
BREPUUS,brent_price,2005-10,58.538
BREPUUS,brent_price,2005-11,55.241
BREPUUS,brent_price,2005-12,56.855
BREPUUS,brent_price,2006-01,62.985
BREPUUS,brent_price,2006-02,60.21
BREPUUS,brent_price,2006-03,62.064
BREPUUS,brent_price,2006-04,70.26
BREPUUS,brent_price,2006-05,69.776
BREPUUS,brent_price,2006-06,68.555
BREPUUS,brent_price,2006-07,73.674
BREPUUS,brent_price,2006-08,73.23
BREPUUS,brent_price,2006-09,61.958
BREPUUS,brent_price,2006-10,57.808
BREPUUS,brent_price,2006-11,58.761
BREPUUS,brent_price,2006-12,62.472
BREPUUS,brent_price,2007-01,53.681
BREPUUS,brent_price,2007-02,57.555
BREPUUS,brent_price,2007-03,62.05
BREPUUS,brent_price,2007-04,67.485
BREPUUS,brent_price,2007-05,67.212
BREPUUS,brent_price,2007-06,71.045
BREPUUS,brent_price,2007-07,76.93
BREPUUS,brent_price,2007-08,70.76
BREPUUS,brent_price,2007-09,77.173
BREPUUS,brent_price,2007-10,82.34
BREPUUS,brent_price,2007-11,92.414
BREPUUS,brent_price,2007-12,90.926
BREPUUS,brent_price,2008-01,92.178
BREPUUS,brent_price,2008-02,94.986
BREPUUS,brent_price,2008-03,103.635
BREPUUS,brent_price,2008-04,109.071
BREPUUS,brent_price,2008-05,122.797
BREPUUS,brent_price,2008-06,132.322
BREPUUS,brent_price,2008-07,132.718
BREPUUS,brent_price,2008-08,113.243
BREPUUS,brent_price,2008-09,97.234
BREPUUS,brent_price,2008-10,71.581
BREPUUS,brent_price,2008-11,52.452
BREPUUS,brent_price,2008-12,39.946
BREPUUS,brent_price,2009-01,43.439
BREPUUS,brent_price,2009-02,43.324
BREPUUS,brent_price,2009-03,46.54
BREPUUS,brent_price,2009-04,50.182
BREPUUS,brent_price,2009-05,57.303
BREPUUS,brent_price,2009-06,68.61
BREPUUS,brent_price,2009-07,64.435
BREPUUS,brent_price,2009-08,72.509
BREPUUS,brent_price,2009-09,67.646
BREPUUS,brent_price,2009-10,72.77
BREPUUS,brent_price,2009-11,76.662
BREPUUS,brent_price,2009-12,74.456
BREPUUS,brent_price,2010-01,76.167
BREPUUS,brent_price,2010-02,73.752
BREPUUS,brent_price,2010-03,78.827
BREPUUS,brent_price,2010-04,84.818
BREPUUS,brent_price,2010-05,75.946
BREPUUS,brent_price,2010-06,74.761
BREPUUS,brent_price,2010-07,75.58
BREPUUS,brent_price,2010-08,77.04
BREPUUS,brent_price,2010-09,77.84
BREPUUS,brent_price,2010-10,82.665
BREPUUS,brent_price,2010-11,85.275
BREPUUS,brent_price,2010-12,91.447
BREPUUS,brent_price,2011-01,96.524
BREPUUS,brent_price,2011-02,103.716
BREPUUS,brent_price,2011-03,114.643
BREPUUS,brent_price,2011-04,123.259
BREPUUS,brent_price,2011-05,114.989
BREPUUS,brent_price,2011-06,113.833
BREPUUS,brent_price,2011-07,116.974
BREPUUS,brent_price,2011-08,110.22
BREPUUS,brent_price,2011-09,112.834
BREPUUS,brent_price,2011-10,109.55
BREPUUS,brent_price,2011-11,110.768
BREPUUS,brent_price,2011-12,107.871
BREPUUS,brent_price,2012-01,110.686
BREPUUS,brent_price,2012-02,119.327
BREPUUS,brent_price,2012-03,125.445
BREPUUS,brent_price,2012-04,119.75
BREPUUS,brent_price,2012-05,110.34
BREPUUS,brent_price,2012-06,95.156
BREPUUS,brent_price,2012-07,102.619
BREPUUS,brent_price,2012-08,113.356
BREPUUS,brent_price,2012-09,112.864
BREPUUS,brent_price,2012-10,111.711
BREPUUS,brent_price,2012-11,109.059
BREPUUS,brent_price,2012-12,109.494
BREPUUS,brent_price,2013-01,112.96
BREPUUS,brent_price,2013-02,116.051
BREPUUS,brent_price,2013-03,108.474
BREPUUS,brent_price,2013-04,102.248
BREPUUS,brent_price,2013-05,102.559
BREPUUS,brent_price,2013-06,102.92
BREPUUS,brent_price,2013-07,107.933
BREPUUS,brent_price,2013-08,111.28
BREPUUS,brent_price,2013-09,111.597
BREPUUS,brent_price,2013-10,109.077
BREPUUS,brent_price,2013-11,107.792
BREPUUS,brent_price,2013-12,110.757
BREPUUS,brent_price,2014-01,108.118
BREPUUS,brent_price,2014-02,108.901
BREPUUS,brent_price,2014-03,107.481
BREPUUS,brent_price,2014-04,107.755
BREPUUS,brent_price,2014-05,109.539
BREPUUS,brent_price,2014-06,111.795
BREPUUS,brent_price,2014-07,106.768
BREPUUS,brent_price,2014-08,101.608
BREPUUS,brent_price,2014-09,97.091
BREPUUS,brent_price,2014-10,87.425
BREPUUS,brent_price,2014-11,79.438
BREPUUS,brent_price,2014-12,62.335
BREPUUS,brent_price,2015-01,47.76
BREPUUS,brent_price,2015-02,58.096
BREPUUS,brent_price,2015-03,55.885
BREPUUS,brent_price,2015-04,59.524
BREPUUS,brent_price,2015-05,64.075
BREPUUS,brent_price,2015-06,61.478
BREPUUS,brent_price,2015-07,56.561
BREPUUS,brent_price,2015-08,46.515
BREPUUS,brent_price,2015-09,47.623
BREPUUS,brent_price,2015-10,48.43
BREPUUS,brent_price,2015-11,44.268
BREPUUS,brent_price,2015-12,38.005
BREPUUS,brent_price,2016-01,30.7
BREPUUS,brent_price,2016-02,32.182
BREPUUS,brent_price,2016-03,38.21
BREPUUS,brent_price,2016-04,41.583
BREPUUS,brent_price,2016-05,46.742
BREPUUS,brent_price,2016-06,48.247
BREPUUS,brent_price,2016-07,44.952
BREPUUS,brent_price,2016-08,45.843
BREPUUS,brent_price,2016-09,46.568
BREPUUS,brent_price,2016-10,49.522
BREPUUS,brent_price,2016-11,44.734
BREPUUS,brent_price,2016-12,53.309
BREPUUS,brent_price,2017-01,54.577
BREPUUS,brent_price,2017-02,54.87
BREPUUS,brent_price,2017-03,51.589
BREPUUS,brent_price,2017-04,52.308
BREPUUS,brent_price,2017-05,50.327
BREPUUS,brent_price,2017-06,46.368
BREPUUS,brent_price,2017-07,48.479
BREPUUS,brent_price,2017-08,51.704
BREPUUS,brent_price,2017-09,56.153
BREPUUS,brent_price,2017-10,57.508
BREPUUS,brent_price,2017-11,62.714
BREPUUS,brent_price,2017-12,64.374
BREPUUS,brent_price,2018-01,69.077
BREPUUS,brent_price,2018-02,65.318
BREPUUS,brent_price,2018-03,66.017
BREPUUS,brent_price,2018-04,72.106
BREPUUS,brent_price,2018-05,76.975
BREPUUS,brent_price,2018-06,74.405
BREPUUS,brent_price,2018-07,74.254
BREPUUS,brent_price,2018-08,72.528
BREPUUS,brent_price,2018-09,78.891
BREPUUS,brent_price,2018-10,81.032
BREPUUS,brent_price,2018-11,64.748
BREPUUS,brent_price,2018-12,57.362
BREPUUS,brent_price,2019-01,59.41
BREPUUS,brent_price,2019-02,63.961
BREPUUS,brent_price,2019-03,66.139
BREPUUS,brent_price,2019-04,71.233
BREPUUS,brent_price,2019-05,71.318
BREPUUS,brent_price,2019-06,64.221
BREPUUS,brent_price,2019-07,63.919
BREPUUS,brent_price,2019-08,59.042
BREPUUS,brent_price,2019-09,62.827
BREPUUS,brent_price,2019-10,59.713
BREPUUS,brent_price,2019-11,63.212
BREPUUS,brent_price,2019-12,67.31
BREPUUS,brent_price,2020-01,63.65
BREPUUS,brent_price,2020-02,55.66
BREPUUS,brent_price,2020-03,32.01
BREPUUS,brent_price,2020-04,18.38
BREPUUS,brent_price,2020-05,29.38
BREPUUS,brent_price,2020-06,40.27
BREPUUS,brent_price,2020-07,43.24
BREPUUS,brent_price,2020-08,44.74
BREPUUS,brent_price,2020-09,40.91
BREPUUS,brent_price,2020-10,40.19
BREPUUS,brent_price,2020-11,42.69
BREPUUS,brent_price,2020-12,49.99
BREPUUS,brent_price,2021-01,54.77
BREPUUS,brent_price,2021-02,62.28
BREPUUS,brent_price,2021-03,65.41
BREPUUS,brent_price,2021-04,64.81
BREPUUS,brent_price,2021-05,68.53
BREPUUS,brent_price,2021-06,73.16
BREPUUS,brent_price,2021-07,75.17
BREPUUS,brent_price,2021-08,70.75
BREPUUS,brent_price,2021-09,74.49
BREPUUS,brent_price,2021-10,83.54
BREPUUS,brent_price,2021-11,81.05
BREPUUS,brent_price,2021-12,74.17
BREPUUS,brent_price,2022-01,86.51
BREPUUS,brent_price,2022-02,97.13
BREPUUS,brent_price,2022-03,117.25
BREPUUS,brent_price,2022-04,104.58
BREPUUS,brent_price,2022-05,113.34
BREPUUS,brent_price,2022-06,122.71
BREPUUS,brent_price,2022-07,111.93
BREPUUS,brent_price,2022-08,100.45
BREPUUS,brent_price,2022-09,89.76
BREPUUS,brent_price,2022-10,93.33
BREPUUS,brent_price,2022-11,91.42
BREPUUS,brent_price,2022-12,80.92
BREPUUS,brent_price,2023-01,82.5
BREPUUS,brent_price,2023-02,82.59
BREPUUS,brent_price,2023-03,78.43
BREPUUS,brent_price,2023-04,84.64
BREPUUS,brent_price,2023-05,75.47
BREPUUS,brent_price,2023-06,74.84
BREPUUS,brent_price,2023-07,80.11
BREPUUS,brent_price,2023-08,86.15
BREPUUS,brent_price,2023-09,93.72
BREPUUS,brent_price,2023-10,90.6
BREPUUS,brent_price,2023-11,82.94
BREPUUS,brent_price,2023-12,77.63
BREPUUS,brent_price,2024-01,80.12
BREPUUS,brent_price,2024-02,83.48
BREPUUS,brent_price,2024-03,85.41
BREPUUS,brent_price,2024-04,89.94
BREPUUS,brent_price,2024-05,81.75
BREPUUS,brent_price,2024-06,82.25
BREPUUS,brent_price,2024-07,85.15
BREPUUS,brent_price,2024-08,80.36
BREPUUS,brent_price,2024-09,74.02
BREPUUS,brent_price,2024-10,75.63
BREPUUS,brent_price,2024-11,74.35
BREPUUS,brent_price,2024-12,73.86
BREPUUS,brent_price,2025-01,79.27
BREPUUS,brent_price,2025-02,75.44
BREPUUS,brent_price,2025-03,72.73
BREPUUS,brent_price,2025-04,68.13
BREPUUS,brent_price,2025-05,64.45
BREPUUS,brent_price,2025-06,71.44
BREPUUS,brent_price,2025-07,71.04
BREPUUS,brent_price,2025-08,67.87
BREPUUS,brent_price,2025-09,67.99
BREPUUS,brent_price,2025-10,64.54
BREPUUS,brent_price,2025-11,63.8
BREPUUS,brent_price,2025-12,62.54
BREPUUS,brent_price,2026-01,66.6
BREPUUS,brent_price,2026-02,65
BREPUUS,brent_price,2026-03,62
BREPUUS,brent_price,2026-04,59
BREPUUS,brent_price,2026-05,57
BREPUUS,brent_price,2026-06,56
BREPUUS,brent_price,2026-07,56
BREPUUS,brent_price,2026-08,55
BREPUUS,brent_price,2026-09,55
BREPUUS,brent_price,2026-10,54
BREPUUS,brent_price,2026-11,54
BREPUUS,brent_price,2026-12,54
BREPUUS,brent_price,2027-01,53
BREPUUS,brent_price,2027-02,53
BREPUUS,brent_price,2027-03,53
BREPUUS,brent_price,2027-04,53
BREPUUS,brent_price,2027-05,53
BREPUUS,brent_price,2027-06,53
BREPUUS,brent_price,2027-07,53
BREPUUS,brent_price,2027-08,53
BREPUUS,brent_price,2027-09,53
BREPUUS,brent_price,2027-10,53
BREPUUS,brent_price,2027-11,53
BREPUUS,brent_price,2027-12,53
PATC_WORLD,global_oil_demand,1990-01,67.4637562
PATC_WORLD,global_oil_demand,1990-02,68.15830527
PATC_WORLD,global_oil_demand,1990-03,67.27574383
PATC_WORLD,global_oil_demand,1990-04,65.37471672
PATC_WORLD,global_oil_demand,1990-05,65.38955824
PATC_WORLD,global_oil_demand,1990-06,65.92893369
PATC_WORLD,global_oil_demand,1990-07,66.57969124
PATC_WORLD,global_oil_demand,1990-08,68.18216845
PATC_WORLD,global_oil_demand,1990-09,65.4986188
PATC_WORLD,global_oil_demand,1990-10,66.13703972
PATC_WORLD,global_oil_demand,1990-11,66.70497919
PATC_WORLD,global_oil_demand,1990-12,67.33291774
PATC_WORLD,global_oil_demand,1991-01,68.63516035
PATC_WORLD,global_oil_demand,1991-02,67.35118871
PATC_WORLD,global_oil_demand,1991-03,65.33336908
PATC_WORLD,global_oil_demand,1991-04,65.51602688
PATC_WORLD,global_oil_demand,1991-05,65.3336665
PATC_WORLD,global_oil_demand,1991-06,65.80988294
PATC_WORLD,global_oil_demand,1991-07,66.38627886
PATC_WORLD,global_oil_demand,1991-08,66.60612534
PATC_WORLD,global_oil_demand,1991-09,66.17068377
PATC_WORLD,global_oil_demand,1991-10,68.21654646
PATC_WORLD,global_oil_demand,1991-11,68.24225563
PATC_WORLD,global_oil_demand,1991-12,69.63977083
PATC_WORLD,global_oil_demand,1992-01,68.50459202
PATC_WORLD,global_oil_demand,1992-02,68.48440193
PATC_WORLD,global_oil_demand,1992-03,67.60037905
PATC_WORLD,global_oil_demand,1992-04,66.46769481
PATC_WORLD,global_oil_demand,1992-05,64.19357881
PATC_WORLD,global_oil_demand,1992-06,65.83851613
PATC_WORLD,global_oil_demand,1992-07,66.62066288
PATC_WORLD,global_oil_demand,1992-08,65.32970615
PATC_WORLD,global_oil_demand,1992-09,66.93234382
PATC_WORLD,global_oil_demand,1992-10,67.68476316
PATC_WORLD,global_oil_demand,1992-11,68.40170069
PATC_WORLD,global_oil_demand,1992-12,70.28390691
PATC_WORLD,global_oil_demand,1993-01,65.44920788
PATC_WORLD,global_oil_demand,1993-02,68.72742092
PATC_WORLD,global_oil_demand,1993-03,68.94716458
PATC_WORLD,global_oil_demand,1993-04,65.86994559
PATC_WORLD,global_oil_demand,1993-05,63.45301627
PATC_WORLD,global_oil_demand,1993-06,66.04794475
PATC_WORLD,global_oil_demand,1993-07,65.9702118
PATC_WORLD,global_oil_demand,1993-08,65.35124081
PATC_WORLD,global_oil_demand,1993-09,66.91976263
PATC_WORLD,global_oil_demand,1993-10,66.89351003
PATC_WORLD,global_oil_demand,1993-11,69.49807108
PATC_WORLD,global_oil_demand,1993-12,71.03562073
PATC_WORLD,global_oil_demand,1994-01,67.79308582
PATC_WORLD,global_oil_demand,1994-02,70.53479685
PATC_WORLD,global_oil_demand,1994-03,68.97285793
PATC_WORLD,global_oil_demand,1994-04,67.00581635
PATC_WORLD,global_oil_demand,1994-05,65.40301415
PATC_WORLD,global_oil_demand,1994-06,67.42093937
PATC_WORLD,global_oil_demand,1994-07,66.93458052
PATC_WORLD,global_oil_demand,1994-08,68.16120191
PATC_WORLD,global_oil_demand,1994-09,68.20715991
PATC_WORLD,global_oil_demand,1994-10,68.67630066
PATC_WORLD,global_oil_demand,1994-11,69.91174865
PATC_WORLD,global_oil_demand,1994-12,71.84702062
PATC_WORLD,global_oil_demand,1995-01,69.46588315
PATC_WORLD,global_oil_demand,1995-02,72.04263634
PATC_WORLD,global_oil_demand,1995-03,71.01408811
PATC_WORLD,global_oil_demand,1995-04,68.21858309
PATC_WORLD,global_oil_demand,1995-05,67.55652291
PATC_WORLD,global_oil_demand,1995-06,68.61914723
PATC_WORLD,global_oil_demand,1995-07,67.35394841
PATC_WORLD,global_oil_demand,1995-08,69.25017023
PATC_WORLD,global_oil_demand,1995-09,69.46726677
PATC_WORLD,global_oil_demand,1995-10,69.46464392
PATC_WORLD,global_oil_demand,1995-11,72.24593931
PATC_WORLD,global_oil_demand,1995-12,73.15346125
PATC_WORLD,global_oil_demand,1996-01,72.51945682
PATC_WORLD,global_oil_demand,1996-02,74.5648151
PATC_WORLD,global_oil_demand,1996-03,72.78475051
PATC_WORLD,global_oil_demand,1996-04,70.31049728
PATC_WORLD,global_oil_demand,1996-05,69.40005184
PATC_WORLD,global_oil_demand,1996-06,69.47296418
PATC_WORLD,global_oil_demand,1996-07,70.9577448
PATC_WORLD,global_oil_demand,1996-08,71.13192914
PATC_WORLD,global_oil_demand,1996-09,70.81837301
PATC_WORLD,global_oil_demand,1996-10,73.40720679
PATC_WORLD,global_oil_demand,1996-11,73.27222708
PATC_WORLD,global_oil_demand,1996-12,73.8753025
PATC_WORLD,global_oil_demand,1997-01,73.91513644
PATC_WORLD,global_oil_demand,1997-02,73.97335137
PATC_WORLD,global_oil_demand,1997-03,71.65927386
PATC_WORLD,global_oil_demand,1997-04,72.57845092
PATC_WORLD,global_oil_demand,1997-05,70.67896896
PATC_WORLD,global_oil_demand,1997-06,71.91974147
PATC_WORLD,global_oil_demand,1997-07,73.1540979
PATC_WORLD,global_oil_demand,1997-08,71.54838028
PATC_WORLD,global_oil_demand,1997-09,73.08458601
PATC_WORLD,global_oil_demand,1997-10,74.51374329
PATC_WORLD,global_oil_demand,1997-11,73.81178068
PATC_WORLD,global_oil_demand,1997-12,76.26295285
PATC_WORLD,global_oil_demand,1998-01,73.11953251
PATC_WORLD,global_oil_demand,1998-02,74.54625969
PATC_WORLD,global_oil_demand,1998-03,74.3474971
PATC_WORLD,global_oil_demand,1998-04,72.80058933
PATC_WORLD,global_oil_demand,1998-05,70.78533198
PATC_WORLD,global_oil_demand,1998-06,73.47592611
PATC_WORLD,global_oil_demand,1998-07,73.98331859
PATC_WORLD,global_oil_demand,1998-08,73.00605585
PATC_WORLD,global_oil_demand,1998-09,73.42378328
PATC_WORLD,global_oil_demand,1998-10,74.58596304
PATC_WORLD,global_oil_demand,1998-11,75.40965439
PATC_WORLD,global_oil_demand,1998-12,77.44648937
PATC_WORLD,global_oil_demand,1999-01,74.5247807
PATC_WORLD,global_oil_demand,1999-02,77.25376253
PATC_WORLD,global_oil_demand,1999-03,77.61589084
PATC_WORLD,global_oil_demand,1999-04,74.03829827
PATC_WORLD,global_oil_demand,1999-05,72.04271047
PATC_WORLD,global_oil_demand,1999-06,74.90087124
PATC_WORLD,global_oil_demand,1999-07,74.45370078
PATC_WORLD,global_oil_demand,1999-08,74.56467949
PATC_WORLD,global_oil_demand,1999-09,75.1690427
PATC_WORLD,global_oil_demand,1999-10,75.53080704
PATC_WORLD,global_oil_demand,1999-11,76.73874167
PATC_WORLD,global_oil_demand,1999-12,79.53447686
PATC_WORLD,global_oil_demand,2000-01,75.51289445
PATC_WORLD,global_oil_demand,2000-02,79.00002022
PATC_WORLD,global_oil_demand,2000-03,77.88662993
PATC_WORLD,global_oil_demand,2000-04,74.41863116
PATC_WORLD,global_oil_demand,2000-05,75.55565665
PATC_WORLD,global_oil_demand,2000-06,76.22681515
PATC_WORLD,global_oil_demand,2000-07,75.78804868
PATC_WORLD,global_oil_demand,2000-08,78.53345498
PATC_WORLD,global_oil_demand,2000-09,77.77743886
PATC_WORLD,global_oil_demand,2000-10,76.96039108
PATC_WORLD,global_oil_demand,2000-11,77.7176547
PATC_WORLD,global_oil_demand,2000-12,79.28816827
PATC_WORLD,global_oil_demand,2001-01,78.87834354
PATC_WORLD,global_oil_demand,2001-02,78.83433912
PATC_WORLD,global_oil_demand,2001-03,78.59291842
PATC_WORLD,global_oil_demand,2001-04,76.56298391
PATC_WORLD,global_oil_demand,2001-05,76.71657164
PATC_WORLD,global_oil_demand,2001-06,76.91528761
PATC_WORLD,global_oil_demand,2001-07,77.05134708
PATC_WORLD,global_oil_demand,2001-08,78.00309092
PATC_WORLD,global_oil_demand,2001-09,76.6587821
PATC_WORLD,global_oil_demand,2001-10,77.87726869
PATC_WORLD,global_oil_demand,2001-11,78.66040223
PATC_WORLD,global_oil_demand,2001-12,78.44223985
PATC_WORLD,global_oil_demand,2002-01,78.5946565
PATC_WORLD,global_oil_demand,2002-02,79.11981858
PATC_WORLD,global_oil_demand,2002-03,78.30789642
PATC_WORLD,global_oil_demand,2002-04,77.54629583
PATC_WORLD,global_oil_demand,2002-05,76.62454147
PATC_WORLD,global_oil_demand,2002-06,77.49265492
PATC_WORLD,global_oil_demand,2002-07,78.76944761
PATC_WORLD,global_oil_demand,2002-08,78.33573899
PATC_WORLD,global_oil_demand,2002-09,78.05245581
PATC_WORLD,global_oil_demand,2002-10,79.60632597
PATC_WORLD,global_oil_demand,2002-11,80.27984648
PATC_WORLD,global_oil_demand,2002-12,81.00249874
PATC_WORLD,global_oil_demand,2003-01,80.36823667
PATC_WORLD,global_oil_demand,2003-02,82.54242042
PATC_WORLD,global_oil_demand,2003-03,79.63874064
PATC_WORLD,global_oil_demand,2003-04,78.3267475
PATC_WORLD,global_oil_demand,2003-05,77.94139164
PATC_WORLD,global_oil_demand,2003-06,78.94686337
PATC_WORLD,global_oil_demand,2003-07,79.94442805
PATC_WORLD,global_oil_demand,2003-08,79.39264661
PATC_WORLD,global_oil_demand,2003-09,80.44630399
PATC_WORLD,global_oil_demand,2003-10,81.61150309
PATC_WORLD,global_oil_demand,2003-11,80.67337175
PATC_WORLD,global_oil_demand,2003-12,83.64250804
PATC_WORLD,global_oil_demand,2004-01,82.0244434
PATC_WORLD,global_oil_demand,2004-02,83.67612648
PATC_WORLD,global_oil_demand,2004-03,84.02743419
PATC_WORLD,global_oil_demand,2004-04,82.58807684
PATC_WORLD,global_oil_demand,2004-05,80.36307675
PATC_WORLD,global_oil_demand,2004-06,83.49922564
PATC_WORLD,global_oil_demand,2004-07,83.11785207
PATC_WORLD,global_oil_demand,2004-08,83.27613663
PATC_WORLD,global_oil_demand,2004-09,83.5473286
PATC_WORLD,global_oil_demand,2004-10,83.6771866
PATC_WORLD,global_oil_demand,2004-11,84.94461131
PATC_WORLD,global_oil_demand,2004-12,86.62838059
PATC_WORLD,global_oil_demand,2005-01,84.4170919
PATC_WORLD,global_oil_demand,2005-02,86.57611431
PATC_WORLD,global_oil_demand,2005-03,86.10185296
PATC_WORLD,global_oil_demand,2005-04,83.14969355
PATC_WORLD,global_oil_demand,2005-05,82.34158056
PATC_WORLD,global_oil_demand,2005-06,85.71774142
PATC_WORLD,global_oil_demand,2005-07,83.67994915
PATC_WORLD,global_oil_demand,2005-08,85.58724107
PATC_WORLD,global_oil_demand,2005-09,84.22785512
PATC_WORLD,global_oil_demand,2005-10,82.18695361
PATC_WORLD,global_oil_demand,2005-11,84.99265224
PATC_WORLD,global_oil_demand,2005-12,87.06577438
PATC_WORLD,global_oil_demand,2006-01,84.69015409
PATC_WORLD,global_oil_demand,2006-02,87.51053754
PATC_WORLD,global_oil_demand,2006-03,86.77565038
PATC_WORLD,global_oil_demand,2006-04,83.26779124
PATC_WORLD,global_oil_demand,2006-05,84.1420867
PATC_WORLD,global_oil_demand,2006-06,85.85896568
PATC_WORLD,global_oil_demand,2006-07,84.69921271
PATC_WORLD,global_oil_demand,2006-08,86.63268224
PATC_WORLD,global_oil_demand,2006-09,85.99732727
PATC_WORLD,global_oil_demand,2006-10,86.35484917
PATC_WORLD,global_oil_demand,2006-11,87.04964157
PATC_WORLD,global_oil_demand,2006-12,86.43463189
PATC_WORLD,global_oil_demand,2007-01,86.498882
PATC_WORLD,global_oil_demand,2007-02,88.19709407
PATC_WORLD,global_oil_demand,2007-03,87.63183082
PATC_WORLD,global_oil_demand,2007-04,85.52896515
PATC_WORLD,global_oil_demand,2007-05,86.21391437
PATC_WORLD,global_oil_demand,2007-06,87.48025058
PATC_WORLD,global_oil_demand,2007-07,87.50154075
PATC_WORLD,global_oil_demand,2007-08,87.16163044
PATC_WORLD,global_oil_demand,2007-09,87.1540346
PATC_WORLD,global_oil_demand,2007-10,88.42371862
PATC_WORLD,global_oil_demand,2007-11,88.52991089
PATC_WORLD,global_oil_demand,2007-12,89.02666168
PATC_WORLD,global_oil_demand,2008-01,87.72760845
PATC_WORLD,global_oil_demand,2008-02,88.33038351
PATC_WORLD,global_oil_demand,2008-03,88.15210659
PATC_WORLD,global_oil_demand,2008-04,88.10466816
PATC_WORLD,global_oil_demand,2008-05,87.0540035
PATC_WORLD,global_oil_demand,2008-06,86.27664718
PATC_WORLD,global_oil_demand,2008-07,87.17505974
PATC_WORLD,global_oil_demand,2008-08,86.04009606
PATC_WORLD,global_oil_demand,2008-09,86.33530454
PATC_WORLD,global_oil_demand,2008-10,87.14262214
PATC_WORLD,global_oil_demand,2008-11,84.09288116
PATC_WORLD,global_oil_demand,2008-12,85.75650898
PATC_WORLD,global_oil_demand,2009-01,84.2123948
PATC_WORLD,global_oil_demand,2009-02,85.61377136
PATC_WORLD,global_oil_demand,2009-03,85.82788788
PATC_WORLD,global_oil_demand,2009-04,84.99825115
PATC_WORLD,global_oil_demand,2009-05,84.04241688
PATC_WORLD,global_oil_demand,2009-06,86.83315928
PATC_WORLD,global_oil_demand,2009-07,86.98981734
PATC_WORLD,global_oil_demand,2009-08,85.77748136
PATC_WORLD,global_oil_demand,2009-09,86.76162049
PATC_WORLD,global_oil_demand,2009-10,86.91892474
PATC_WORLD,global_oil_demand,2009-11,85.54740983
PATC_WORLD,global_oil_demand,2009-12,88.65310026
PATC_WORLD,global_oil_demand,2010-01,84.14296124
PATC_WORLD,global_oil_demand,2010-02,88.89212775
PATC_WORLD,global_oil_demand,2010-03,88.56601248
PATC_WORLD,global_oil_demand,2010-04,87.66330413
PATC_WORLD,global_oil_demand,2010-05,86.10742779
PATC_WORLD,global_oil_demand,2010-06,90.38230559
PATC_WORLD,global_oil_demand,2010-07,88.39395251
PATC_WORLD,global_oil_demand,2010-08,89.69803852
PATC_WORLD,global_oil_demand,2010-09,90.89347973
PATC_WORLD,global_oil_demand,2010-10,88.26146364
PATC_WORLD,global_oil_demand,2010-11,90.53339129
PATC_WORLD,global_oil_demand,2010-12,92.09897478
PATC_WORLD,global_oil_demand,2011-01,87.74132296
PATC_WORLD,global_oil_demand,2011-02,90.32829775
PATC_WORLD,global_oil_demand,2011-03,88.9098674
PATC_WORLD,global_oil_demand,2011-04,87.3218334
PATC_WORLD,global_oil_demand,2011-05,87.52696765
PATC_WORLD,global_oil_demand,2011-06,89.4709525
PATC_WORLD,global_oil_demand,2011-07,89.16944524
PATC_WORLD,global_oil_demand,2011-08,90.98610706
PATC_WORLD,global_oil_demand,2011-09,90.14579213
PATC_WORLD,global_oil_demand,2011-10,89.20069802
PATC_WORLD,global_oil_demand,2011-11,91.16765166
PATC_WORLD,global_oil_demand,2011-12,90.82071333
PATC_WORLD,global_oil_demand,2012-01,87.65129179
PATC_WORLD,global_oil_demand,2012-02,91.79330645
PATC_WORLD,global_oil_demand,2012-03,89.8378364
PATC_WORLD,global_oil_demand,2012-04,88.19352421
PATC_WORLD,global_oil_demand,2012-05,90.31569051
PATC_WORLD,global_oil_demand,2012-06,90.68605955
PATC_WORLD,global_oil_demand,2012-07,91.53511704
PATC_WORLD,global_oil_demand,2012-08,91.43080729
PATC_WORLD,global_oil_demand,2012-09,89.96611297
PATC_WORLD,global_oil_demand,2012-10,92.64422038
PATC_WORLD,global_oil_demand,2012-11,92.50852065
PATC_WORLD,global_oil_demand,2012-12,91.47602909
PATC_WORLD,global_oil_demand,2013-01,91.73694635
PATC_WORLD,global_oil_demand,2013-02,91.79557748
PATC_WORLD,global_oil_demand,2013-03,90.4849329
PATC_WORLD,global_oil_demand,2013-04,91.21407893
PATC_WORLD,global_oil_demand,2013-05,91.51516053
PATC_WORLD,global_oil_demand,2013-06,91.98215593
PATC_WORLD,global_oil_demand,2013-07,93.95398541
PATC_WORLD,global_oil_demand,2013-08,91.90633214
PATC_WORLD,global_oil_demand,2013-09,92.13477657
PATC_WORLD,global_oil_demand,2013-10,92.09885283
PATC_WORLD,global_oil_demand,2013-11,93.68681654
PATC_WORLD,global_oil_demand,2013-12,93.53145499
PATC_WORLD,global_oil_demand,2014-01,92.83472143
PATC_WORLD,global_oil_demand,2014-02,94.10139055
PATC_WORLD,global_oil_demand,2014-03,91.56114019
PATC_WORLD,global_oil_demand,2014-04,93.37884919
PATC_WORLD,global_oil_demand,2014-05,92.62646354
PATC_WORLD,global_oil_demand,2014-06,93.49148304
PATC_WORLD,global_oil_demand,2014-07,93.8666277
PATC_WORLD,global_oil_demand,2014-08,93.71288782
PATC_WORLD,global_oil_demand,2014-09,95.22684252
PATC_WORLD,global_oil_demand,2014-10,93.7831222
PATC_WORLD,global_oil_demand,2014-11,93.68613425
PATC_WORLD,global_oil_demand,2014-12,96.73653175
PATC_WORLD,global_oil_demand,2015-01,93.11015266
PATC_WORLD,global_oil_demand,2015-02,96.29033128
PATC_WORLD,global_oil_demand,2015-03,93.48955384
PATC_WORLD,global_oil_demand,2015-04,95.26750591
PATC_WORLD,global_oil_demand,2015-05,92.69628981
PATC_WORLD,global_oil_demand,2015-06,97.34259831
PATC_WORLD,global_oil_demand,2015-07,97.3568341
PATC_WORLD,global_oil_demand,2015-08,95.80495336
PATC_WORLD,global_oil_demand,2015-09,97.07304749
PATC_WORLD,global_oil_demand,2015-10,95.25748221
PATC_WORLD,global_oil_demand,2015-11,94.70157565
PATC_WORLD,global_oil_demand,2015-12,98.44509518
PATC_WORLD,global_oil_demand,2016-01,93.21732903
PATC_WORLD,global_oil_demand,2016-02,98.20146417
PATC_WORLD,global_oil_demand,2016-03,97.238878
PATC_WORLD,global_oil_demand,2016-04,96.80218515
PATC_WORLD,global_oil_demand,2016-05,96.22588228
PATC_WORLD,global_oil_demand,2016-06,96.97790376
PATC_WORLD,global_oil_demand,2016-07,96.24643936
PATC_WORLD,global_oil_demand,2016-08,99.44489015
PATC_WORLD,global_oil_demand,2016-09,97.24507592
PATC_WORLD,global_oil_demand,2016-10,95.86165277
PATC_WORLD,global_oil_demand,2016-11,97.88284708
PATC_WORLD,global_oil_demand,2016-12,99.29053707
PATC_WORLD,global_oil_demand,2017-01,95.90021865
PATC_WORLD,global_oil_demand,2017-02,97.63876549
PATC_WORLD,global_oil_demand,2017-03,99.6000195
PATC_WORLD,global_oil_demand,2017-04,97.37328018
PATC_WORLD,global_oil_demand,2017-05,99.85766389
PATC_WORLD,global_oil_demand,2017-06,101.6541839
PATC_WORLD,global_oil_demand,2017-07,99.60281702
PATC_WORLD,global_oil_demand,2017-08,99.86185006
PATC_WORLD,global_oil_demand,2017-09,100.8003758
PATC_WORLD,global_oil_demand,2017-10,99.15703523
PATC_WORLD,global_oil_demand,2017-11,101.8300714
PATC_WORLD,global_oil_demand,2017-12,100.2458161
PATC_WORLD,global_oil_demand,2018-01,98.08378283
PATC_WORLD,global_oil_demand,2018-02,99.69964918
PATC_WORLD,global_oil_demand,2018-03,99.88596094
PATC_WORLD,global_oil_demand,2018-04,98.89919833
PATC_WORLD,global_oil_demand,2018-05,99.60804273
PATC_WORLD,global_oil_demand,2018-06,100.6159022
PATC_WORLD,global_oil_demand,2018-07,101.0250545
PATC_WORLD,global_oil_demand,2018-08,101.3843837
PATC_WORLD,global_oil_demand,2018-09,100.0881077
PATC_WORLD,global_oil_demand,2018-10,100.0524294
PATC_WORLD,global_oil_demand,2018-11,100.4084367
PATC_WORLD,global_oil_demand,2018-12,100.1256765
PATC_WORLD,global_oil_demand,2019-01,99.49202441
PATC_WORLD,global_oil_demand,2019-02,100.4933063
PATC_WORLD,global_oil_demand,2019-03,99.34427927
PATC_WORLD,global_oil_demand,2019-04,100.2913886
PATC_WORLD,global_oil_demand,2019-05,100.08879
PATC_WORLD,global_oil_demand,2019-06,101.0589893
PATC_WORLD,global_oil_demand,2019-07,102.1256333
PATC_WORLD,global_oil_demand,2019-08,102.0530644
PATC_WORLD,global_oil_demand,2019-09,100.8238532
PATC_WORLD,global_oil_demand,2019-10,100.303159
PATC_WORLD,global_oil_demand,2019-11,101.0776169
PATC_WORLD,global_oil_demand,2019-12,101.5568703
PATC_WORLD,global_oil_demand,2020-01,93.83936509
PATC_WORLD,global_oil_demand,2020-02,95.14555106
PATC_WORLD,global_oil_demand,2020-03,91.03893535
PATC_WORLD,global_oil_demand,2020-04,83.5641467
PATC_WORLD,global_oil_demand,2020-05,86.26222868
PATC_WORLD,global_oil_demand,2020-06,89.96867333
PATC_WORLD,global_oil_demand,2020-07,92.02975809
PATC_WORLD,global_oil_demand,2020-08,91.61288521
PATC_WORLD,global_oil_demand,2020-09,93.08551761
PATC_WORLD,global_oil_demand,2020-10,92.1165614
PATC_WORLD,global_oil_demand,2020-11,92.94342621
PATC_WORLD,global_oil_demand,2020-12,93.80483215
PATC_WORLD,global_oil_demand,2021-01,92.66051991
PATC_WORLD,global_oil_demand,2021-02,94.09471986
PATC_WORLD,global_oil_demand,2021-03,95.50689283
PATC_WORLD,global_oil_demand,2021-04,95.5709278
PATC_WORLD,global_oil_demand,2021-05,95.88014747
PATC_WORLD,global_oil_demand,2021-06,98.70388187
PATC_WORLD,global_oil_demand,2021-07,98.37579252
PATC_WORLD,global_oil_demand,2021-08,98.10839163
PATC_WORLD,global_oil_demand,2021-09,99.09833254
PATC_WORLD,global_oil_demand,2021-10,98.26764046
PATC_WORLD,global_oil_demand,2021-11,99.40004266
PATC_WORLD,global_oil_demand,2021-12,100.8320252
PATC_WORLD,global_oil_demand,2022-01,97.01743139
PATC_WORLD,global_oil_demand,2022-02,100.2649997
PATC_WORLD,global_oil_demand,2022-03,99.03874579
PATC_WORLD,global_oil_demand,2022-04,97.74566312
PATC_WORLD,global_oil_demand,2022-05,98.97436768
PATC_WORLD,global_oil_demand,2022-06,100.7831673
PATC_WORLD,global_oil_demand,2022-07,99.98081882
PATC_WORLD,global_oil_demand,2022-08,100.5717131
PATC_WORLD,global_oil_demand,2022-09,100.8439755
PATC_WORLD,global_oil_demand,2022-10,98.55406531
PATC_WORLD,global_oil_demand,2022-11,100.1514779
PATC_WORLD,global_oil_demand,2022-12,100.7511774
PATC_WORLD,global_oil_demand,2023-01,97.74771512
PATC_WORLD,global_oil_demand,2023-02,101.341185
PATC_WORLD,global_oil_demand,2023-03,100.7955463
PATC_WORLD,global_oil_demand,2023-04,99.84699131
PATC_WORLD,global_oil_demand,2023-05,101.413704
PATC_WORLD,global_oil_demand,2023-06,102.8710771
PATC_WORLD,global_oil_demand,2023-07,101.6129168
PATC_WORLD,global_oil_demand,2023-08,101.8990012
PATC_WORLD,global_oil_demand,2023-09,101.9280251
PATC_WORLD,global_oil_demand,2023-10,101.1776084
PATC_WORLD,global_oil_demand,2023-11,102.0473615
PATC_WORLD,global_oil_demand,2023-12,102.2126375
PATC_WORLD,global_oil_demand,2024-01,99.55232478
PATC_WORLD,global_oil_demand,2024-02,101.6854358
PATC_WORLD,global_oil_demand,2024-03,101.1547356
PATC_WORLD,global_oil_demand,2024-04,101.867263
PATC_WORLD,global_oil_demand,2024-05,102.8478746
PATC_WORLD,global_oil_demand,2024-06,103.4934745
PATC_WORLD,global_oil_demand,2024-07,103.7323339
PATC_WORLD,global_oil_demand,2024-08,103.2724214
PATC_WORLD,global_oil_demand,2024-09,102.9932709
PATC_WORLD,global_oil_demand,2024-10,103.3366957
PATC_WORLD,global_oil_demand,2024-11,102.9912642
PATC_WORLD,global_oil_demand,2024-12,103.3445322
PATC_WORLD,global_oil_demand,2025-01,101.3628347
PATC_WORLD,global_oil_demand,2025-02,102.7997533
PATC_WORLD,global_oil_demand,2025-03,101.7224954
PATC_WORLD,global_oil_demand,2025-04,103.016508
PATC_WORLD,global_oil_demand,2025-05,102.8588753
PATC_WORLD,global_oil_demand,2025-06,105.0560799
PATC_WORLD,global_oil_demand,2025-07,104.7060614
PATC_WORLD,global_oil_demand,2025-08,103.8441807
PATC_WORLD,global_oil_demand,2025-09,104.8381501
PATC_WORLD,global_oil_demand,2025-10,103.5539115
PATC_WORLD,global_oil_demand,2025-11,104.2012068
PATC_WORLD,global_oil_demand,2025-12,105.1774386
PATC_WORLD,global_oil_demand,2026-01,102.6880186
PATC_WORLD,global_oil_demand,2026-02,104.4745788
PATC_WORLD,global_oil_demand,2026-03,103.2855492
PATC_WORLD,global_oil_demand,2026-04,104.0894448
PATC_WORLD,global_oil_demand,2026-05,104.2932839
PATC_WORLD,global_oil_demand,2026-06,105.8416233
PATC_WORLD,global_oil_demand,2026-07,105.6747277
PATC_WORLD,global_oil_demand,2026-08,105.5677064
PATC_WORLD,global_oil_demand,2026-09,105.6405809
PATC_WORLD,global_oil_demand,2026-10,104.4669019
PATC_WORLD,global_oil_demand,2026-11,105.2802166
PATC_WORLD,global_oil_demand,2026-12,106.2585997
PATC_WORLD,global_oil_demand,2027-01,103.441021
PATC_WORLD,global_oil_demand,2027-02,105.815897
PATC_WORLD,global_oil_demand,2027-03,104.6907312
PATC_WORLD,global_oil_demand,2027-04,105.5339339
PATC_WORLD,global_oil_demand,2027-05,105.8099061
PATC_WORLD,global_oil_demand,2027-06,107.3130647
PATC_WORLD,global_oil_demand,2027-07,106.8358973
PATC_WORLD,global_oil_demand,2027-08,106.7184646
PATC_WORLD,global_oil_demand,2027-09,106.8302465
PATC_WORLD,global_oil_demand,2027-10,105.7193847
PATC_WORLD,global_oil_demand,2027-11,106.5922258
PATC_WORLD,global_oil_demand,2027-12,107.6165412
PAPR_WORLD,global_oil_supply,1993-01,67.7891749
PAPR_WORLD,global_oil_supply,1993-02,67.80790414
PAPR_WORLD,global_oil_supply,1993-03,67.15164813
PAPR_WORLD,global_oil_supply,1993-04,66.416975
PAPR_WORLD,global_oil_supply,1993-05,66.52720007
PAPR_WORLD,global_oil_supply,1993-06,66.26332067
PAPR_WORLD,global_oil_supply,1993-07,66.98625577
PAPR_WORLD,global_oil_supply,1993-08,66.85056245
PAPR_WORLD,global_oil_supply,1993-09,66.87611133
PAPR_WORLD,global_oil_supply,1993-10,67.39754019
PAPR_WORLD,global_oil_supply,1993-11,67.46932967
PAPR_WORLD,global_oil_supply,1993-12,67.64416587
PAPR_WORLD,global_oil_supply,1994-01,68.4811594
PAPR_WORLD,global_oil_supply,1994-02,68.21380942
PAPR_WORLD,global_oil_supply,1994-03,68.13752261
PAPR_WORLD,global_oil_supply,1994-04,67.78323455
PAPR_WORLD,global_oil_supply,1994-05,68.15461763
PAPR_WORLD,global_oil_supply,1994-06,68.5576008
PAPR_WORLD,global_oil_supply,1994-07,68.23101665
PAPR_WORLD,global_oil_supply,1994-08,68.09722519
PAPR_WORLD,global_oil_supply,1994-09,68.75897104
PAPR_WORLD,global_oil_supply,1994-10,69.34199198
PAPR_WORLD,global_oil_supply,1994-11,69.7420141
PAPR_WORLD,global_oil_supply,1994-12,70.11523489
PAPR_WORLD,global_oil_supply,1995-01,69.84204613
PAPR_WORLD,global_oil_supply,1995-02,70.24419806
PAPR_WORLD,global_oil_supply,1995-03,69.40467409
PAPR_WORLD,global_oil_supply,1995-04,70.32173646
PAPR_WORLD,global_oil_supply,1995-05,70.31876542
PAPR_WORLD,global_oil_supply,1995-06,69.27029095
PAPR_WORLD,global_oil_supply,1995-07,70.31909526
PAPR_WORLD,global_oil_supply,1995-08,70.45387753
PAPR_WORLD,global_oil_supply,1995-09,70.93727672
PAPR_WORLD,global_oil_supply,1995-10,70.52876031
PAPR_WORLD,global_oil_supply,1995-11,70.8277392
PAPR_WORLD,global_oil_supply,1995-12,71.18499076
PAPR_WORLD,global_oil_supply,1996-01,71.2896427
PAPR_WORLD,global_oil_supply,1996-02,71.59028257
PAPR_WORLD,global_oil_supply,1996-03,71.66783645
PAPR_WORLD,global_oil_supply,1996-04,71.54553484
PAPR_WORLD,global_oil_supply,1996-05,71.48209808
PAPR_WORLD,global_oil_supply,1996-06,71.74323152
PAPR_WORLD,global_oil_supply,1996-07,71.93160796
PAPR_WORLD,global_oil_supply,1996-08,71.49639524
PAPR_WORLD,global_oil_supply,1996-09,71.99446191
PAPR_WORLD,global_oil_supply,1996-10,72.46637176
PAPR_WORLD,global_oil_supply,1996-11,73.01008112
PAPR_WORLD,global_oil_supply,1996-12,73.59984209
PAPR_WORLD,global_oil_supply,1997-01,73.43410953
PAPR_WORLD,global_oil_supply,1997-02,73.9569399
PAPR_WORLD,global_oil_supply,1997-03,73.93371832
PAPR_WORLD,global_oil_supply,1997-04,74.3918508
PAPR_WORLD,global_oil_supply,1997-05,73.75379008
PAPR_WORLD,global_oil_supply,1997-06,72.95183311
PAPR_WORLD,global_oil_supply,1997-07,73.45771075
PAPR_WORLD,global_oil_supply,1997-08,74.36548717
PAPR_WORLD,global_oil_supply,1997-09,74.81213867
PAPR_WORLD,global_oil_supply,1997-10,75.32850152
PAPR_WORLD,global_oil_supply,1997-11,75.16907206
PAPR_WORLD,global_oil_supply,1997-12,75.05986335
PAPR_WORLD,global_oil_supply,1998-01,76.48930996
PAPR_WORLD,global_oil_supply,1998-02,76.89527527
PAPR_WORLD,global_oil_supply,1998-03,76.70988597
PAPR_WORLD,global_oil_supply,1998-04,76.59742251
PAPR_WORLD,global_oil_supply,1998-05,75.97045392
PAPR_WORLD,global_oil_supply,1998-06,75.65999976
PAPR_WORLD,global_oil_supply,1998-07,75.20896061
PAPR_WORLD,global_oil_supply,1998-08,74.4978952
PAPR_WORLD,global_oil_supply,1998-09,74.51586574
PAPR_WORLD,global_oil_supply,1998-10,74.68343448
PAPR_WORLD,global_oil_supply,1998-11,75.68325956
PAPR_WORLD,global_oil_supply,1998-12,75.36681014
PAPR_WORLD,global_oil_supply,1999-01,75.65997752
PAPR_WORLD,global_oil_supply,1999-02,76.09988367
PAPR_WORLD,global_oil_supply,1999-03,75.69054126
PAPR_WORLD,global_oil_supply,1999-04,74.27881756
PAPR_WORLD,global_oil_supply,1999-05,74.10687357
PAPR_WORLD,global_oil_supply,1999-06,73.04915578
PAPR_WORLD,global_oil_supply,1999-07,74.67144285
PAPR_WORLD,global_oil_supply,1999-08,74.5977407
PAPR_WORLD,global_oil_supply,1999-09,74.71172589
PAPR_WORLD,global_oil_supply,1999-10,75.31414663
PAPR_WORLD,global_oil_supply,1999-11,75.31294738
PAPR_WORLD,global_oil_supply,1999-12,74.62481459
PAPR_WORLD,global_oil_supply,2000-01,75.67028626
PAPR_WORLD,global_oil_supply,2000-02,76.25340967
PAPR_WORLD,global_oil_supply,2000-03,76.3025737
PAPR_WORLD,global_oil_supply,2000-04,76.92092256
PAPR_WORLD,global_oil_supply,2000-05,77.46535657
PAPR_WORLD,global_oil_supply,2000-06,77.21559269
PAPR_WORLD,global_oil_supply,2000-07,77.76807937
PAPR_WORLD,global_oil_supply,2000-08,78.66846448
PAPR_WORLD,global_oil_supply,2000-09,78.86412713
PAPR_WORLD,global_oil_supply,2000-10,79.22887911
PAPR_WORLD,global_oil_supply,2000-11,79.9176022
PAPR_WORLD,global_oil_supply,2000-12,78.27239709
PAPR_WORLD,global_oil_supply,2001-01,78.31755081
PAPR_WORLD,global_oil_supply,2001-02,78.1977582
PAPR_WORLD,global_oil_supply,2001-03,78.92450124
PAPR_WORLD,global_oil_supply,2001-04,77.91409663
PAPR_WORLD,global_oil_supply,2001-05,77.28657469
PAPR_WORLD,global_oil_supply,2001-06,75.71691062
PAPR_WORLD,global_oil_supply,2001-07,77.7009345
PAPR_WORLD,global_oil_supply,2001-08,77.86316175
PAPR_WORLD,global_oil_supply,2001-09,77.42739182
PAPR_WORLD,global_oil_supply,2001-10,77.42753277
PAPR_WORLD,global_oil_supply,2001-11,77.93789527
PAPR_WORLD,global_oil_supply,2001-12,77.19559919
PAPR_WORLD,global_oil_supply,2002-01,76.67937571
PAPR_WORLD,global_oil_supply,2002-02,76.80554548
PAPR_WORLD,global_oil_supply,2002-03,76.60153565
PAPR_WORLD,global_oil_supply,2002-04,76.10778156
PAPR_WORLD,global_oil_supply,2002-05,76.7654159
PAPR_WORLD,global_oil_supply,2002-06,76.44264295
PAPR_WORLD,global_oil_supply,2002-07,76.87679897
PAPR_WORLD,global_oil_supply,2002-08,76.71091703
PAPR_WORLD,global_oil_supply,2002-09,77.26791268
PAPR_WORLD,global_oil_supply,2002-10,78.72178908
PAPR_WORLD,global_oil_supply,2002-11,79.01024262
PAPR_WORLD,global_oil_supply,2002-12,77.06573213
PAPR_WORLD,global_oil_supply,2003-01,77.51561694
PAPR_WORLD,global_oil_supply,2003-02,79.30746518
PAPR_WORLD,global_oil_supply,2003-03,79.78361395
PAPR_WORLD,global_oil_supply,2003-04,78.64574896
PAPR_WORLD,global_oil_supply,2003-05,78.59778634
PAPR_WORLD,global_oil_supply,2003-06,77.88930343
PAPR_WORLD,global_oil_supply,2003-07,78.72420823
PAPR_WORLD,global_oil_supply,2003-08,79.28041838
PAPR_WORLD,global_oil_supply,2003-09,80.06713698
PAPR_WORLD,global_oil_supply,2003-10,81.11126515
PAPR_WORLD,global_oil_supply,2003-11,81.47725742
PAPR_WORLD,global_oil_supply,2003-12,82.81938173
PAPR_WORLD,global_oil_supply,2004-01,82.7585661
PAPR_WORLD,global_oil_supply,2004-02,82.77212031
PAPR_WORLD,global_oil_supply,2004-03,82.67456413
PAPR_WORLD,global_oil_supply,2004-04,82.551167
PAPR_WORLD,global_oil_supply,2004-05,82.1304701
PAPR_WORLD,global_oil_supply,2004-06,83.774987
PAPR_WORLD,global_oil_supply,2004-07,84.39124323
PAPR_WORLD,global_oil_supply,2004-08,83.33642519
PAPR_WORLD,global_oil_supply,2004-09,83.88915
PAPR_WORLD,global_oil_supply,2004-10,84.786281
PAPR_WORLD,global_oil_supply,2004-11,84.635215
PAPR_WORLD,global_oil_supply,2004-12,84.29457545
PAPR_WORLD,global_oil_supply,2005-01,84.01775894
PAPR_WORLD,global_oil_supply,2005-02,84.41349614
PAPR_WORLD,global_oil_supply,2005-03,84.53778158
PAPR_WORLD,global_oil_supply,2005-04,84.99793533
PAPR_WORLD,global_oil_supply,2005-05,85.2879969
PAPR_WORLD,global_oil_supply,2005-06,84.79749733
PAPR_WORLD,global_oil_supply,2005-07,84.46165974
PAPR_WORLD,global_oil_supply,2005-08,84.71180832
PAPR_WORLD,global_oil_supply,2005-09,84.02144533
PAPR_WORLD,global_oil_supply,2005-10,83.9686269
PAPR_WORLD,global_oil_supply,2005-11,84.81864867
PAPR_WORLD,global_oil_supply,2005-12,84.53102771
PAPR_WORLD,global_oil_supply,2006-01,84.4549751
PAPR_WORLD,global_oil_supply,2006-02,84.51563057
PAPR_WORLD,global_oil_supply,2006-03,84.11202077
PAPR_WORLD,global_oil_supply,2006-04,84.43340433
PAPR_WORLD,global_oil_supply,2006-05,84.22749187
PAPR_WORLD,global_oil_supply,2006-06,84.21915067
PAPR_WORLD,global_oil_supply,2006-07,85.55321968
PAPR_WORLD,global_oil_supply,2006-08,85.36223045
PAPR_WORLD,global_oil_supply,2006-09,84.84829467
PAPR_WORLD,global_oil_supply,2006-10,85.1050541
PAPR_WORLD,global_oil_supply,2006-11,84.57010133
PAPR_WORLD,global_oil_supply,2006-12,84.32093229
PAPR_WORLD,global_oil_supply,2007-01,84.00136655
PAPR_WORLD,global_oil_supply,2007-02,84.26881314
PAPR_WORLD,global_oil_supply,2007-03,84.14576223
PAPR_WORLD,global_oil_supply,2007-04,84.56858467
PAPR_WORLD,global_oil_supply,2007-05,84.2242751
PAPR_WORLD,global_oil_supply,2007-06,84.21298367
PAPR_WORLD,global_oil_supply,2007-07,84.69365016
PAPR_WORLD,global_oil_supply,2007-08,83.88101332
PAPR_WORLD,global_oil_supply,2007-09,84.71978
PAPR_WORLD,global_oil_supply,2007-10,85.46595868
PAPR_WORLD,global_oil_supply,2007-11,85.22814633
PAPR_WORLD,global_oil_supply,2007-12,85.76003394
PAPR_WORLD,global_oil_supply,2008-01,85.66402923
PAPR_WORLD,global_oil_supply,2008-02,85.740259
PAPR_WORLD,global_oil_supply,2008-03,85.96360445
PAPR_WORLD,global_oil_supply,2008-04,85.48769157
PAPR_WORLD,global_oil_supply,2008-05,86.22432167
PAPR_WORLD,global_oil_supply,2008-06,86.17817793
PAPR_WORLD,global_oil_supply,2008-07,87.16714913
PAPR_WORLD,global_oil_supply,2008-08,86.23002862
PAPR_WORLD,global_oil_supply,2008-09,84.58400924
PAPR_WORLD,global_oil_supply,2008-10,86.1725718
PAPR_WORLD,global_oil_supply,2008-11,85.91208354
PAPR_WORLD,global_oil_supply,2008-12,84.6185613
PAPR_WORLD,global_oil_supply,2009-01,83.74852504
PAPR_WORLD,global_oil_supply,2009-02,84.41180643
PAPR_WORLD,global_oil_supply,2009-03,84.25662098
PAPR_WORLD,global_oil_supply,2009-04,84.6478605
PAPR_WORLD,global_oil_supply,2009-05,84.5981956
PAPR_WORLD,global_oil_supply,2009-06,84.89006933
PAPR_WORLD,global_oil_supply,2009-07,85.71558028
PAPR_WORLD,global_oil_supply,2009-08,85.37911829
PAPR_WORLD,global_oil_supply,2009-09,85.79230209
PAPR_WORLD,global_oil_supply,2009-10,86.24190971
PAPR_WORLD,global_oil_supply,2009-11,86.38108141
PAPR_WORLD,global_oil_supply,2009-12,85.90807464
PAPR_WORLD,global_oil_supply,2010-01,86.46236489
PAPR_WORLD,global_oil_supply,2010-02,86.90215099
PAPR_WORLD,global_oil_supply,2010-03,87.16616395
PAPR_WORLD,global_oil_supply,2010-04,87.31725948
PAPR_WORLD,global_oil_supply,2010-05,87.60535826
PAPR_WORLD,global_oil_supply,2010-06,87.27673474
PAPR_WORLD,global_oil_supply,2010-07,87.60147494
PAPR_WORLD,global_oil_supply,2010-08,87.51666867
PAPR_WORLD,global_oil_supply,2010-09,87.65609124
PAPR_WORLD,global_oil_supply,2010-10,87.94584473
PAPR_WORLD,global_oil_supply,2010-11,88.26624585
PAPR_WORLD,global_oil_supply,2010-12,88.27729543
PAPR_WORLD,global_oil_supply,2011-01,89.15467728
PAPR_WORLD,global_oil_supply,2011-02,88.41384192
PAPR_WORLD,global_oil_supply,2011-03,87.51928205
PAPR_WORLD,global_oil_supply,2011-04,87.4833122
PAPR_WORLD,global_oil_supply,2011-05,87.32419806
PAPR_WORLD,global_oil_supply,2011-06,88.24149389
PAPR_WORLD,global_oil_supply,2011-07,88.77083086
PAPR_WORLD,global_oil_supply,2011-08,89.27075851
PAPR_WORLD,global_oil_supply,2011-09,88.54625732
PAPR_WORLD,global_oil_supply,2011-10,89.08381186
PAPR_WORLD,global_oil_supply,2011-11,90.09516932
PAPR_WORLD,global_oil_supply,2011-12,90.47770315
PAPR_WORLD,global_oil_supply,2012-01,90.77165292
PAPR_WORLD,global_oil_supply,2012-02,91.0838659
PAPR_WORLD,global_oil_supply,2012-03,90.81908525
PAPR_WORLD,global_oil_supply,2012-04,91.21945543
PAPR_WORLD,global_oil_supply,2012-05,90.81726631
PAPR_WORLD,global_oil_supply,2012-06,90.54071243
PAPR_WORLD,global_oil_supply,2012-07,90.99379521
PAPR_WORLD,global_oil_supply,2012-08,91.08203876
PAPR_WORLD,global_oil_supply,2012-09,90.3700691
PAPR_WORLD,global_oil_supply,2012-10,90.99940892
PAPR_WORLD,global_oil_supply,2012-11,91.49230276
PAPR_WORLD,global_oil_supply,2012-12,91.1693251
PAPR_WORLD,global_oil_supply,2013-01,90.39157464
PAPR_WORLD,global_oil_supply,2013-02,90.15387997
PAPR_WORLD,global_oil_supply,2013-03,90.41251335
PAPR_WORLD,global_oil_supply,2013-04,91.26424559
PAPR_WORLD,global_oil_supply,2013-05,91.40396748
PAPR_WORLD,global_oil_supply,2013-06,91.5394108
PAPR_WORLD,global_oil_supply,2013-07,92.39336106
PAPR_WORLD,global_oil_supply,2013-08,92.2355218
PAPR_WORLD,global_oil_supply,2013-09,91.61014125
PAPR_WORLD,global_oil_supply,2013-10,91.91626038
PAPR_WORLD,global_oil_supply,2013-11,92.24559459
PAPR_WORLD,global_oil_supply,2013-12,92.37887477
PAPR_WORLD,global_oil_supply,2014-01,92.41166975
PAPR_WORLD,global_oil_supply,2014-02,92.96542376
PAPR_WORLD,global_oil_supply,2014-03,92.29284213
PAPR_WORLD,global_oil_supply,2014-04,92.60710362
PAPR_WORLD,global_oil_supply,2014-05,93.03412917
PAPR_WORLD,global_oil_supply,2014-06,93.79100462
PAPR_WORLD,global_oil_supply,2014-07,94.058604
PAPR_WORLD,global_oil_supply,2014-08,94.50533065
PAPR_WORLD,global_oil_supply,2014-09,94.98911262
PAPR_WORLD,global_oil_supply,2014-10,96.20970139
PAPR_WORLD,global_oil_supply,2014-11,95.74649974
PAPR_WORLD,global_oil_supply,2014-12,96.42023284
PAPR_WORLD,global_oil_supply,2015-01,95.24519454
PAPR_WORLD,global_oil_supply,2015-02,95.11176224
PAPR_WORLD,global_oil_supply,2015-03,96.1410533
PAPR_WORLD,global_oil_supply,2015-04,96.24743352
PAPR_WORLD,global_oil_supply,2015-05,96.39140941
PAPR_WORLD,global_oil_supply,2015-06,97.08259004
PAPR_WORLD,global_oil_supply,2015-07,97.60856531
PAPR_WORLD,global_oil_supply,2015-08,97.54975182
PAPR_WORLD,global_oil_supply,2015-09,97.23977712
PAPR_WORLD,global_oil_supply,2015-10,97.49287222
PAPR_WORLD,global_oil_supply,2015-11,97.92610707
PAPR_WORLD,global_oil_supply,2015-12,97.91658205
PAPR_WORLD,global_oil_supply,2016-01,97.59415739
PAPR_WORLD,global_oil_supply,2016-02,96.82263706
PAPR_WORLD,global_oil_supply,2016-03,96.85944081
PAPR_WORLD,global_oil_supply,2016-04,96.59632534
PAPR_WORLD,global_oil_supply,2016-05,96.15573877
PAPR_WORLD,global_oil_supply,2016-06,96.67814968
PAPR_WORLD,global_oil_supply,2016-07,97.73307722
PAPR_WORLD,global_oil_supply,2016-08,96.73050635
PAPR_WORLD,global_oil_supply,2016-09,96.88422201
PAPR_WORLD,global_oil_supply,2016-10,98.08796758
PAPR_WORLD,global_oil_supply,2016-11,99.23309401
PAPR_WORLD,global_oil_supply,2016-12,98.08221106
PAPR_WORLD,global_oil_supply,2017-01,97.35972842
PAPR_WORLD,global_oil_supply,2017-02,97.39324729
PAPR_WORLD,global_oil_supply,2017-03,97.07968371
PAPR_WORLD,global_oil_supply,2017-04,96.782973
PAPR_WORLD,global_oil_supply,2017-05,97.92817139
PAPR_WORLD,global_oil_supply,2017-06,98.37873933
PAPR_WORLD,global_oil_supply,2017-07,99.12919368
PAPR_WORLD,global_oil_supply,2017-08,98.51285629
PAPR_WORLD,global_oil_supply,2017-09,98.516193
PAPR_WORLD,global_oil_supply,2017-10,99.15081136
PAPR_WORLD,global_oil_supply,2017-11,99.53979833
PAPR_WORLD,global_oil_supply,2017-12,98.69535639
PAPR_WORLD,global_oil_supply,2018-01,99.03046155
PAPR_WORLD,global_oil_supply,2018-02,99.37443547
PAPR_WORLD,global_oil_supply,2018-03,99.6338194
PAPR_WORLD,global_oil_supply,2018-04,99.84149032
PAPR_WORLD,global_oil_supply,2018-05,99.93427261
PAPR_WORLD,global_oil_supply,2018-06,100.3720325
PAPR_WORLD,global_oil_supply,2018-07,101.3525162
PAPR_WORLD,global_oil_supply,2018-08,101.8400644
PAPR_WORLD,global_oil_supply,2018-09,101.725522
PAPR_WORLD,global_oil_supply,2018-10,102.3560551
PAPR_WORLD,global_oil_supply,2018-11,102.6717425
PAPR_WORLD,global_oil_supply,2018-12,101.8886131
PAPR_WORLD,global_oil_supply,2019-01,100.1182645
PAPR_WORLD,global_oil_supply,2019-02,100.092798
PAPR_WORLD,global_oil_supply,2019-03,99.94031762
PAPR_WORLD,global_oil_supply,2019-04,100.3562498
PAPR_WORLD,global_oil_supply,2019-05,100.2545615
PAPR_WORLD,global_oil_supply,2019-06,100.5019199
PAPR_WORLD,global_oil_supply,2019-07,100.0569529
PAPR_WORLD,global_oil_supply,2019-08,101.1976989
PAPR_WORLD,global_oil_supply,2019-09,99.52105594
PAPR_WORLD,global_oil_supply,2019-10,101.4245065
PAPR_WORLD,global_oil_supply,2019-11,101.9815482
PAPR_WORLD,global_oil_supply,2019-12,101.8928682
PAPR_WORLD,global_oil_supply,2020-01,101.2347364
PAPR_WORLD,global_oil_supply,2020-02,100.180588
PAPR_WORLD,global_oil_supply,2020-03,100.3167398
PAPR_WORLD,global_oil_supply,2020-04,99.71391508
PAPR_WORLD,global_oil_supply,2020-05,88.39293074
PAPR_WORLD,global_oil_supply,2020-06,88.35562775
PAPR_WORLD,global_oil_supply,2020-07,90.34827023
PAPR_WORLD,global_oil_supply,2020-08,91.27512652
PAPR_WORLD,global_oil_supply,2020-09,91.20200023
PAPR_WORLD,global_oil_supply,2020-10,91.5685328
PAPR_WORLD,global_oil_supply,2020-11,93.16487217
PAPR_WORLD,global_oil_supply,2020-12,93.31117489
PAPR_WORLD,global_oil_supply,2021-01,93.83927888
PAPR_WORLD,global_oil_supply,2021-02,90.67767372
PAPR_WORLD,global_oil_supply,2021-03,93.87268848
PAPR_WORLD,global_oil_supply,2021-04,94.09700635
PAPR_WORLD,global_oil_supply,2021-05,95.06058159
PAPR_WORLD,global_oil_supply,2021-06,95.48173481
PAPR_WORLD,global_oil_supply,2021-07,97.13089107
PAPR_WORLD,global_oil_supply,2021-08,96.54521305
PAPR_WORLD,global_oil_supply,2021-09,96.83815056
PAPR_WORLD,global_oil_supply,2021-10,98.19813714
PAPR_WORLD,global_oil_supply,2021-11,99.06475315
PAPR_WORLD,global_oil_supply,2021-12,98.45382503
PAPR_WORLD,global_oil_supply,2022-01,98.37505322
PAPR_WORLD,global_oil_supply,2022-02,99.53751904
PAPR_WORLD,global_oil_supply,2022-03,100.0463926
PAPR_WORLD,global_oil_supply,2022-04,99.41615513
PAPR_WORLD,global_oil_supply,2022-05,99.42556961
PAPR_WORLD,global_oil_supply,2022-06,99.9418428
PAPR_WORLD,global_oil_supply,2022-07,101.0670892
PAPR_WORLD,global_oil_supply,2022-08,101.6128826
PAPR_WORLD,global_oil_supply,2022-09,102.1433237
PAPR_WORLD,global_oil_supply,2022-10,102.3140744
PAPR_WORLD,global_oil_supply,2022-11,102.4800374
PAPR_WORLD,global_oil_supply,2022-12,100.8429252
PAPR_WORLD,global_oil_supply,2023-01,101.5862578
PAPR_WORLD,global_oil_supply,2023-02,102.1863268
PAPR_WORLD,global_oil_supply,2023-03,102.5297453
PAPR_WORLD,global_oil_supply,2023-04,102.3254048
PAPR_WORLD,global_oil_supply,2023-05,101.8131868
PAPR_WORLD,global_oil_supply,2023-06,102.7239189
PAPR_WORLD,global_oil_supply,2023-07,102.2276714
PAPR_WORLD,global_oil_supply,2023-08,101.9359251
PAPR_WORLD,global_oil_supply,2023-09,103.0345258
PAPR_WORLD,global_oil_supply,2023-10,103.2867162
PAPR_WORLD,global_oil_supply,2023-11,104.0793009
PAPR_WORLD,global_oil_supply,2023-12,104.0706951
PAPR_WORLD,global_oil_supply,2024-01,101.6304507
PAPR_WORLD,global_oil_supply,2024-02,102.8812996
PAPR_WORLD,global_oil_supply,2024-03,103.7020985
PAPR_WORLD,global_oil_supply,2024-04,103.5872732
PAPR_WORLD,global_oil_supply,2024-05,103.2277191
PAPR_WORLD,global_oil_supply,2024-06,103.2209254
PAPR_WORLD,global_oil_supply,2024-07,103.3465793
PAPR_WORLD,global_oil_supply,2024-08,103.705801
PAPR_WORLD,global_oil_supply,2024-09,102.5487057
PAPR_WORLD,global_oil_supply,2024-10,103.890795
PAPR_WORLD,global_oil_supply,2024-11,103.9928872
PAPR_WORLD,global_oil_supply,2024-12,103.889203
PAPR_WORLD,global_oil_supply,2025-01,102.7830736
PAPR_WORLD,global_oil_supply,2025-02,103.2943018
PAPR_WORLD,global_oil_supply,2025-03,104.7845274
PAPR_WORLD,global_oil_supply,2025-04,104.4615445
PAPR_WORLD,global_oil_supply,2025-05,104.9323637
PAPR_WORLD,global_oil_supply,2025-06,106.1539144
PAPR_WORLD,global_oil_supply,2025-07,107.2380374
PAPR_WORLD,global_oil_supply,2025-08,107.7527291
PAPR_WORLD,global_oil_supply,2025-09,108.9365586
PAPR_WORLD,global_oil_supply,2025-10,108.4800069
PAPR_WORLD,global_oil_supply,2025-11,108.4121585
PAPR_WORLD,global_oil_supply,2025-12,108.065862
PAPR_WORLD,global_oil_supply,2026-01,106.325154
PAPR_WORLD,global_oil_supply,2026-02,106.8135466
PAPR_WORLD,global_oil_supply,2026-03,107.1823735
PAPR_WORLD,global_oil_supply,2026-04,107.4822809
PAPR_WORLD,global_oil_supply,2026-05,107.6042717
PAPR_WORLD,global_oil_supply,2026-06,108.2033046
PAPR_WORLD,global_oil_supply,2026-07,108.3569788
PAPR_WORLD,global_oil_supply,2026-08,108.3814844
PAPR_WORLD,global_oil_supply,2026-09,108.1746147
PAPR_WORLD,global_oil_supply,2026-10,108.4709677
PAPR_WORLD,global_oil_supply,2026-11,108.7176555
PAPR_WORLD,global_oil_supply,2026-12,108.3713152
PAPR_WORLD,global_oil_supply,2027-01,108.0889548
PAPR_WORLD,global_oil_supply,2027-02,108.1646589
PAPR_WORLD,global_oil_supply,2027-03,108.2627526
PAPR_WORLD,global_oil_supply,2027-04,108.5125207
PAPR_WORLD,global_oil_supply,2027-05,108.3003128
PAPR_WORLD,global_oil_supply,2027-06,108.9189185
PAPR_WORLD,global_oil_supply,2027-07,108.9422119
PAPR_WORLD,global_oil_supply,2027-08,108.9877036
PAPR_WORLD,global_oil_supply,2027-09,108.8219288
PAPR_WORLD,global_oil_supply,2027-10,109.3193684
PAPR_WORLD,global_oil_supply,2027-11,109.53747
PAPR_WORLD,global_oil_supply,2027-12,109.1499432
