date,sar_1m,sar_3m,sar_6m,sar_12m,usd_1m,usd_3m
2007-12-31,4.86619833333333,4.905105,4.92297,4.94192833333333,5.24964666666667,5.29704666666667
2008-12-31,3.14734487323633,3.28457917336521,3.53741789953873,3.75625756957163,2.66521333333333,2.91061916666667
2009-12-31,0.541827329059829,0.911300286087369,1.2149063960114,1.52217389007597,0.334985580455173,0.647365632505176
2010-12-31,0.337228723076923,0.735862703846154,0.889397868281102,1.07630956282051,0.275002767010164,0.33787172842556
2011-12-31,0.3696414108835,0.694466619183286,0.768304880818779,0.969174844479541,0.235148751199887,0.285547070675701
2012-12-31,0.600849006410257,0.91631625,0.969683621794872,1.10972775641026,0.23626516778813,0.364238947118702
2013-12-31,0.635164180663942,0.953235796901451,0.984773457889467,1.08830040485389,0.188565822510823,0.266075258838384
2014-12-31,0.630437433769934,0.935765467171717,0.97373154965405,1.07282616503866,0.154969597645712,0.231783238126608
2015-12-31,0.627508333333333,0.879691666666667,0.948258333333333,1.086175,0.200666666666667,0.3155
2016-12-31,1.81601336034844,2.06617265065053,2.16300778306552,2.33342745727265,0.486228564574314,0.728344410533911
2017-12-31,1.44631401603379,1.81166836013473,2.041379697303,2.23475533533119,1.11281825825227,1.26269991192614
2018-12-31,2.22797305900621,2.45098221187026,2.63203737060041,2.84485885955832,2.02168463404064,2.30892105982595
2019-12-31,2.5309435494580907,2.631845061096212,2.6827313338019176,2.785901897376325,2.225694378071332,2.3293273381159585
2020-12-31,1.0197247688018876,1.1922916801841124,1.2304424217634717,1.2758391292681428,0.513117996406887,0.6527936773263026
2021-12-31,0.6478983405044803,0.8099914578691756,0.8592404221129033,0.9317045968360217,0.09920737290399376,0.16205076276318484
2022-12-31,2.4509885038617507,3.1254128924010476,3.3522409909517408,3.6839012290330264,1.8978276481162313,2.381730944420762
2023-12-31,5.563238891551734,5.930440041988725,5.913608994104087,5.9443040902873205,5.084264905195459,5.262105592498513
2024-12-31,5.741443803891197,6.019712269887564,5.845295363765384,5.6548485123052314,5.114783357671841,5.0548578651835925
2025-12-31,5.452538661162314,5.305789713325654,5.422006887736816,5.113914303699435,4.2076402572324625,4.151945224654379
2007-01-31,4.87,4.96813,5.04313,5.09063,5.32003,5.36001
2007-02-28,5.16063,5.24125,5.28625,5.31125,5.32,5.35941
2007-03-31,4.9925,5.05125,5.08,5.11125,5.31996,5.34715
2007-04-30,5.0025,5.05063,5.0925,5.1425,5.32,5.35476
2007-05-31,5.0,5.045,5.085,5.1375,5.32,5.35891
2007-06-30,5.00125,5.03875,5.08313,5.15,5.32,5.36
2007-07-31,5.0,5.03,5.04,5.06375,5.32,5.35966
2007-08-31,5.00125,5.03375,5.04188,5.05163,5.4973,5.48271
2007-09-30,5.085,5.09,5.07625,5.02625,5.49266,5.49394
2007-10-31,4.9875,4.9975,4.975,4.97,4.98141,5.14652
2007-11-30,4.2775,4.28,4.26375,4.24375,4.76716,4.96208
2007-12-31,4.01625,4.035,4.00875,4.00463,5.01724,4.97941
2008-01-31,3.84657407407407,2.99609375,3.85551296296296,3.78338333333333,3.90909,3.91764
2008-02-29,3.00177083333333,2.99609375,2.96541666666667,2.90494791666667,3.13676,3.08759
2008-03-31,2.2675,2.26,2.265,2.255,2.80655,2.7825
2008-04-30,1.91924908424908,1.94684981684982,1.95432234432234,1.99891941391941,2.78541,2.79466
2008-05-31,2.22451923076923,2.33451923076923,2.41144230769231,2.53870192307692,2.50594,2.69238
2008-06-30,2.97692307692308,3.21168269230769,3.43259615384615,3.81432692307692,2.47039,2.76539
2008-07-31,3.42502333333333,3.71814814814815,4.03760666666667,4.41305555555556,2.46006,2.79234
2008-08-31,3.65857,4.01199538461538,4.33214,4.75420730769231,2.46816,2.80625
2008-09-30,3.96483192307692,4.32355769230769,4.68829346153846,5.19298115384615,2.92702,3.12168
2008-10-31,4.21677884615385,4.56918269230769,4.93211538461538,5.39480769230769,3.80962,4.05859
2008-11-30,3.55774423076923,3.90865384615385,4.19495192307692,4.39831730769231,1.621,2.27906
2008-12-31,2.70865384615385,3.13817307692308,3.37961692307692,3.62644230769231,1.08256,1.82935
2009-01-31,1.3925,1.77043269230769,2.02802884615385,2.37581730769231,0.383394285714286,1.21080523809524
2009-02-28,0.82663,1.151875,1.429375,1.79442307692308,0.4627825,1.242627
2009-03-31,0.812083333333333,1.14949074074074,1.44944444444445,1.8187962962963,0.53249,1.26674
2009-04-30,0.686587307692308,1.04223615384615,1.33959153846154,1.68442346153846,0.44997,1.10622
2009-05-31,0.547875384615385,0.886562692307692,1.19680653846154,1.512525,0.34402,0.644524285714286
2009-06-30,0.421058076923077,0.740515,1.07086653846154,1.36913269230769,0.316195,0.457824545454545
2009-07-31,0.3,0.647410384615385,0.985270384615385,1.27039538461538,0.29071,0.51533
2009-08-31,0.3,0.645242307692308,0.979831923076924,1.25296115384615,0.269843809523809,0.308097619047619
2009-09-30,0.3,0.649903846153846,0.98277,1.25,0.247296818181818,0.258916818181818
2009-10-31,0.3,0.715384615384615,1.02360692307692,1.28796653846154,0.244331363636364,0.254023636363636
2009-11-30,0.3,0.768664230769231,1.04655807692308,1.32993384615385,0.237826666666667,0.249317142857143
2009-12-31,0.315193846153846,0.767885769230769,1.04672653846154,1.31971192307692,0.24096652173913,0.253961304347826
2010-01-31,0.321611538461539,0.771957307692308,1.05004807692308,1.32118346153846,0.2315975,0.2409395
2010-02-28,0.319951923076923,0.769822692307692,1.04190923076923,1.28492115384615,0.2290635,0.2397805
2010-03-31,0.320615769230769,0.739325,0.935956923076923,1.10476730769231,0.23731,0.26842
2010-04-30,0.3249756,0.7256904,0.8692256,1.0185452,0.25975,0.31161
2010-05-31,0.3354008,0.7267204,0.8549156,1.0053108,0.3362535,0.3944875
2010-06-30,0.33656,0.7260628,0.85,1.0210376,0.348736363636364,0.536898636363636
2010-07-31,0.348076923076923,0.725809230769231,0.850438076923077,1.02829807692308,0.334121363636364,0.510327727272727
2010-08-31,0.343419230769231,0.720120384615385,0.848736296296296,1.02449807692308,0.274731363636364,0.359561818181818
2010-09-30,0.3466252,0.72,0.8416,1.02135,0.256994545454545,0.291365909090909
2010-10-31,0.346765769230769,0.728602307692308,0.840746153846154,1.02356692307692,0.256057142857143,0.28884
2010-11-30,0.346765769230769,0.728602307692308,0.840746153846154,1.02356692307692,0.254192272727273,0.287120454545455
2010-12-31,0.355976153846154,0.747639615384616,0.848452307692308,1.03866923076923,0.281225652173913,0.325108695652174
2011-01-31,0.355250740740741,0.75,0.85,1.04929666666667,0.2606255,0.2827835
2011-02-28,0.35345375,0.75,0.85,1.05238666666667,0.262925,0.2873125
2011-03-31,0.357834074074074,0.75,0.85,1.05644703703704,0.282536956521739,0.316141304347826
2011-04-30,0.3570612,0.75,0.85,1.0506456,0.220060952380952,0.250619047619048
2011-05-31,0.353385185185185,0.733744814814815,0.832218888888889,1.03212592592593,0.197478095238095,0.230470952380952
2011-06-30,0.352884615384615,0.660793461538462,0.750673076923077,0.945144230769231,0.187164090909091,0.219239090909091
2011-07-31,0.342097692307692,0.612259615384615,0.682050769230769,0.880561538461539,0.186619047619048,0.218233333333333
2011-08-31,0.333529565217391,0.6,0.654000434782609,0.852837391304348,0.211590869565217,0.249712608695652
2011-09-30,0.3455328,0.6002,0.6509804,0.85082,0.230850454545455,0.284591363636364
2011-10-31,0.390055,0.664484615384615,0.701662307692308,0.897918846153846,0.243739047619048,0.318525238095238
2011-11-30,0.419313076923077,0.712188461538462,0.743389615384616,0.948437692307692,0.253646363636364,0.359379090909091
2011-12-31,0.475299230769231,0.749928461538462,0.804683076923077,1.01347653846154,0.284548636363636,0.409556818181818
2012-01-31,0.520568076923077,0.796548846153846,0.87076,1.04746692307692,0.282895238095238,0.414247619047619
2012-02-29,0.534827692307692,0.835221538461539,0.893125769230769,1.06090423076923,0.250023809523809,0.503240476190476
2012-03-31,0.563202307692308,0.865135,0.91727423076923,1.07799038461538,0.241852272727273,0.473288636363636
2012-04-30,0.583025384615385,0.888971923076923,0.948459615384615,1.09438576923077,0.239964285714286,0.347966666666667
2012-05-31,0.596466923076923,0.906346538461538,0.976539230769231,1.113395,0.238923913043478,0.34570652173913
2012-06-30,0.606730769230769,0.923293461538462,0.987307692307693,1.12129846153846,0.242869047619048,0.465802380952381
2012-07-31,0.608990384615385,0.944086923076923,0.997765,1.12992384615385,0.246461363636364,0.34025
2012-08-31,0.614966923076923,0.950456923076923,1.00389461538462,1.13590961538462,0.23769347826087,0.332978260869565
2012-09-30,0.628593461538462,0.955565384615385,1.00600653846154,1.14174115384615,0.2213375,0.3079875
2012-10-31,0.644352692307692,0.966226153846154,1.0082,1.13624576923077,0.213465217391304,0.271739130434783
2012-11-30,0.645265384615385,0.973653846153846,1.01129384615385,1.12980346153846,0.208886363636364,0.258136363636364
2012-12-31,0.663198076923077,0.990288461538462,1.01557692307692,1.12766846153846,0.210809523809524,0.309523809523809
2013-01-31,0.666151923076923,0.995673076923077,1.01802884615385,1.12859192307692,0.204972727272727,0.300227272727273
2013-02-28,0.646617307692308,0.982765384615385,1.01863,1.12384384615385,0.2013,0.290495
2013-03-31,0.622015925925926,0.949259259259259,0.977362962962963,1.07999111111111,0.20345,0.2819
2013-04-30,0.620215185185185,0.946134444444445,0.973760740740741,1.07745925925926,0.199533333333333,0.277142857142857
2013-05-31,0.634064230769231,0.965625384615384,1.00014423076923,1.10589038461538,0.196685714285714,0.274169047619048
2013-06-30,0.609906538461539,0.9628,0.961538461538462,1.05997115384615,0.193261904761905,0.260704761904762
2013-07-31,0.635906086956522,0.961652173913043,0.998706956521739,1.10251086956522,0.191513333333333,0.2678
2013-08-31,0.6425025,0.958133125,0.9955175,1.101953125,0.184094285714286,0.263395238095238
2013-09-30,0.653713,0.9548125,0.995659,1.1021875,0.180612857142857,0.253178571428571
2013-10-31,0.652451739130435,0.95745652173913,0.996989565217391,1.10153260869565,0.172840476190476,0.241747619047619
2013-11-30,0.6576615,0.958285,0.998154,1.10125,0.167295238095238,0.238245238095238
2013-12-31,0.580764230769231,0.846232692307692,0.882789230769231,0.974423076923077,0.16723,0.2438975
2014-01-31,0.554567307692308,0.95795,0.843894230769231,0.932259615384616,0.159909523809524,0.238307142857143
2014-02-28,0.6475,0.952102272727273,0.995965909090909,1.09715909090909,0.155105,0.2352025
2014-03-31,0.64875,0.951363636363637,0.996534090909091,1.09221590909091,0.154871428571429,0.234097619047619
2014-04-30,0.64875,0.951590909090909,0.9975,1.09096590909091,0.151785,0.227495
2014-05-31,0.64625,0.951607142857143,0.9975,1.09148809523809,0.150388095238095,0.21532380952381
2014-06-30,0.643806818181818,0.952045454545455,0.9975,1.09465909090909,0.152197619047619,0.230945238095238
2014-07-31,0.642638888888889,0.95,0.997430555555556,1.09493055555556,0.154242857142857,0.233680952380952
2014-08-31,0.642797619047619,0.947380952380952,0.996547619047619,1.09113095238095,0.155971428571429,0.22347619047619
2014-09-30,0.63548380952381,0.940357142857143,0.99503,1.09178571428571,0.154104545454545,0.234031818181818
2014-10-31,0.630892857142857,0.9211,0.982857142857143,1.08755952380952,0.153252173913044,0.231376086956522
2014-11-30,0.621011904761905,0.891488095238095,0.952619047619048,1.07255952380952,0.1548075,0.2328625
2014-12-31,0.6028,0.8622,0.9314,1.0372,0.163,0.2446
2015-01-31,0.5989,0.8564,0.9283,1.0298,0.1681,0.2543
2015-02-28,0.5672,0.8169,0.876,0.9981,0.1721,0.2584
2015-03-31,0.5389,0.7753,0.8401,0.9722,0.1756,0.2685
2015-04-30,0.5394,0.7727,0.8361,0.9716,0.1807,0.2759
2015-05-31,0.5383,0.7741,0.8409,0.9783,0.1842,0.2792
2015-06-30,0.5373,0.775,0.8435,0.9788,0.1859,0.2827
2015-07-31,0.5399,0.7769,0.8443,0.9789,0.188,0.2894
2015-08-31,0.5721,0.8254,0.891,1.0377,0.1968,0.3212
2015-09-30,0.6147,0.8824,0.9501,1.0974,0.2015,0.3314
2015-10-31,0.649,0.9336,0.9901,1.1415,0.1944,0.3208
2015-11-30,0.7682,1.0347,1.1199,1.2727,0.2085,0.371
2015-12-31,1.0662,1.3329,1.4188,1.5771,0.3522,0.5332
2016-01-31,1.37577380952381,1.64083333333333,1.72416666666667,1.87416666666667,0.42545,0.6195525
2016-02-29,1.4751,1.73380857142857,1.82256571428571,1.96837380952381,0.4308375,0.6222
2016-03-31,1.52174619047619,1.77264428571429,1.8427519047619,1.98661428571429,0.4364025,0.63217
2016-04-30,1.647556,1.912216,1.979928,2.1259955,0.43748,0.6325575
2016-05-31,1.80324619047619,2.0985280952381,2.15571380952381,2.30692571428571,0.442265,0.6447725
2016-06-30,1.98082285714286,2.20783523809524,2.30021619047619,2.4607780952381,0.410363636363636,0.592520454545455
2016-07-31,2.031444375,2.226226875,2.316153125,2.479584375,0.4575375,0.655345
2016-08-31,2.04247826086957,2.27104347826087,2.3604347826087,2.54813043478261,0.461753333333333,0.729049047619048
2016-09-30,2.06846666666667,2.34453333333333,2.44386666666667,2.64,0.526806190476191,0.849490476190476
2016-10-31,2.08959090909091,2.37163636363636,2.45740909090909,2.64340909090909,0.530779523809524,0.878682857142857
2016-11-30,1.94336363636364,2.17390909090909,2.32936363636364,2.53381818181818,0.563109090909091,0.908464090909091
2016-12-31,1.81257142857143,2.04085714285714,2.22352380952381,2.43333333333333,0.7119585,0.9753285
2017-01-31,1.77647826086957,2.02091304347826,2.20013043478261,2.40947826086957,0.771374761904762,1.02569285714286
2017-02-28,1.5934375,1.892975,2.0925375,2.2931,0.7767085,1.0445965
2017-03-31,1.32573863636364,1.74568181818182,2.01107954545455,2.2075,0.928635217391305,1.13471304347826
2017-04-30,1.3271,1.7468,2.0112,2.2075,0.9906,1.159
2017-05-31,1.27663043478261,1.72625,2.00277173913043,2.20244565217391,1.01142619047619,1.186
2017-06-30,1.11318181818182,1.75,1.85318181818182,2.00545454545455,1.16890761904762,1.26065904761905
2017-07-31,1.45926136363636,1.79340909090909,2.04630681818182,2.2375,1.22803666666667,1.30751285714286
2017-08-31,1.45702380952381,1.79684523809524,2.04922619047619,2.24202380952381,1.23176909090909,1.31417681818182
2017-09-30,1.45921875,1.79359375,2.04859375,2.243359375,1.23492,1.32329571428571
2017-10-31,1.4641,1.7923,2.0464,2.2425,1.2385,1.3608
2017-11-30,1.4783,1.8078,2.0562,2.2515,1.2879,1.4342
2017-12-31,1.62529761904762,1.87345238095238,2.07892857142857,2.27470238095238,1.48504105263158,1.60175210526316
2018-01-31,1.6832,1.8929,2.0867,2.2843,1.5611,1.734
2018-02-28,1.6808,1.8952,2.0909,2.2916,1.6018,1.8747
2018-03-31,1.8503,2.0745,2.2629,2.4701,1.7991,2.1734
2018-04-30,2.0455,2.3227,2.5012,2.7188,1.8967,2.3494
2018-05-31,2.0957,2.4163,2.5982,2.8186,1.9463,2.3356
2018-06-30,2.2544,2.5046,2.6826,2.8906,2.0684,2.3303
2018-07-31,2.4061,2.6075,2.7847,2.9919,2.079,2.3391
2018-08-31,2.4066,2.6079,2.7875,2.9987,2.0741,2.3236
2018-09-30,2.4456,2.6422,2.8195,3.0283,2.1755,2.3494
2018-10-31,2.56586956521739,2.73864130434783,2.90614130434783,3.11635869565217,2.28570608695652,2.46062652173913
2018-11-30,2.60172619047619,2.8052380952381,2.9897619047619,3.22047619047619,2.31926636363636,2.64918409090909
2018-12-31,2.69988095238095,2.90410714285714,3.07434523809524,3.30857142857143,2.45324315789474,2.78774210526316
2019-01-31,2.78983695652174,2.97086956521739,3.10396739130435,3.32972826086957,2.50979090909091,2.77417772727273
2019-02-28,2.774125,2.9403125,3.06,3.2846875,2.49468052631579,2.67991736842105
2019-03-31,2.75339285714286,2.89166666666667,2.99946428571429,3.22089285714286,2.48980523809524,2.60567476190476
2019-04-30,2.72840909090909,2.85761363636364,2.95534090909091,3.12431818181818,2.4801095,2.5895395
2019-05-31,2.72940476190476,2.85071428571429,2.94916666666667,3.1125,2.44402666666667,2.53168095238095
2019-06-30,2.706238125,2.7563725,2.778393125,2.867945625,2.403366,2.3974965
2019-07-31,2.66496956521739,2.68024956521739,2.68291913043478,2.71763956521739,2.30610565217391,2.29365434782609
2019-08-31,2.460448125,2.47901875,2.47633875,2.486695,2.17446619047619,2.16479380952381
2019-09-30,2.34054428571429,2.38224428571429,2.3689780952381,2.36959095238095,2.04316333333333,2.12518238095238
2019-10-31,2.23416043478261,2.30527913043478,2.31217304347826,2.32055956521739,1.8782247826087,1.97742130434783
2019-11-30,2.089856,2.2302855,2.250072,2.291857,1.73536523809524,1.9048119047619
2019-12-31,2.09993739130435,2.23751434782609,2.25596260869565,2.30440826086956,1.7492285,1.9075775
2020-01-31,2.058,2.2170005,2.242142,2.2969995,1.67125238095238,1.82299666666667
2020-02-29,1.988857,2.1397145,2.1548575,2.204,1.6367275,1.678934
2020-03-31,1.18502703703704,1.30190481481481,1.30777592592593,1.31999962962963,0.92950875,1.07391458333333
2020-04-30,1.00939576923077,1.22807615384615,1.23027653846154,1.23022115384615,0.700699615384615,1.11068692307692
2020-05-31,0.91,1.1293,1.1815,1.205,0.1948,0.4076
2020-06-30,0.8256,1.0264,1.0846,1.1297,0.1046,0.3106
2020-07-31,0.7718,0.9557,1.0064,1.055,0.172225652173913,0.267183870967742
2020-08-31,0.735669032258065,0.9106,0.960968387096774,1.01253451612903,0.161409677419355,0.252518064516129
2020-09-30,0.7173,0.8817,0.9309,0.9881,0.1518,0.2365
2020-10-31,0.695201612903226,0.856008064516129,0.905,0.970241935483871,0.143,0.2216
2020-11-30,0.679,0.83783,0.8873,0.9539583,0.14214,0.2184026
2020-12-31,0.660846774193549,0.823266129032258,0.87358870967742,0.944314516129032,0.149252380952381,0.232587419354839
2021-01-31,0.653266129032258,0.817096774,0.867258065,0.939072581,0.128659032,0.222692258
2021-02-28,0.64806,0.80776,0.85491,0.92745,0.114363571428571,0.189422142857143
2021-03-31,0.640483871,0.796814516129033,0.844072581,0.917056452,0.107454194,0.190413548
2021-04-30,0.637283,0.796997,0.844147000000001,0.916997,0.111548,0.18696
2021-05-31,0.634335806451613,0.792075483870967,0.841476129032258,0.914656451612904,0.0963938709677419,0.152870322580645
2021-06-30,0.63429,0.791954333333334,0.842145000000001,0.91429,0.0864643333333333,0.132555666666667
2021-07-31,0.63429,0.7931,0.84429,0.91429,0.09341,0.130817
2021-08-31,0.636866129032258,0.795068709677419,0.844290000000001,0.91429,0.0898129032258064,0.124421612903226
2021-09-30,0.641951333333333,0.800521,0.849094,0.918763666666666,0.0837903333333333,0.122489333333333
2021-10-31,0.655162258064516,0.81668064516129,0.864009032258064,0.937741612903226,0.08466,0.127148064516129
2021-11-30,0.668238333333333,0.83819,0.886761,0.956999333333334,0.0900993333333333,0.158985333333333
2021-12-31,0.690553225806451,0.873639032258065,0.928432258064516,1.00884806451613,0.103832903225806,0.205833870967742
2022-01-31,0.714940322580645,0.936643870967742,1.03011064516129,1.13746677419355,0.105716129032258,0.253284193548387
2022-02-28,0.798907142857143,1.19866321428571,1.30609642857143,1.56799107142857,0.159677142857143,0.440398214285714
2022-03-31,1.20772129032258,1.95853322580645,1.97038258064516,2.20549903225807,0.397814516129032,0.839331612903226
2022-04-30,1.36274666666667,2.36750633333333,2.44412466666667,2.80229433333333,0.597414333333333,1.09879933333333
2022-05-31,1.77784258064516,2.66007580645161,2.84249709677419,3.12951451612903,0.931463870967742,1.46936032258065
2022-06-30,2.07117433333333,3.116236,3.32271166666667,3.53474033333333,1.44262233333333,1.958286
2022-07-31,2.018430968,2.900008387,3.246158065,3.651345806,2.089885484,2.607628065
2022-08-31,2.5783,3.028,3.4515,3.9136,2.41887129032258,2.95341774193548
2022-09-30,2.99527633333333,3.49454933333333,3.93450133333333,4.40540666666667,2.911767,3.43728133333333
2022-10-31,4.41325677419355,4.97280096774193,5.1703964516129,5.65059032258065,3.46105419354839,4.13755612903226
2022-11-30,4.74920466666667,5.58982466666666,5.84803166666667,6.29761266666667,3.94216,4.64652
2022-12-31,4.72406096774193,5.28211290322581,5.66038129032258,5.91075322580645,4.31548548387097,4.73890838709677
2023-01-31,4.90993774193548,5.38134032258065,5.65165096774193,5.82363516129032,4.47265451612903,4.80574709677419
2023-02-28,5.18790428571429,5.52829928571429,5.72008142857143,5.81871571428571,4.596935,4.88938821428571
2023-03-31,5.32700612903226,5.57501129032258,5.69984903225806,5.75106129032258,4.77519290322581,5.05274064516129
2023-04-30,5.42531466666667,5.72605,5.659988,5.70781466666667,4.95938066666667,5.247309
2023-05-31,5.53523838709677,5.82891677419355,5.77855129032258,5.76119612903226,5.12433580645161,5.37964
2023-06-30,5.62098633333333,5.935326,5.87482233333333,5.87519566666667,5.18044266666667,5.52563866666667
2023-07-31,5.63873322580645,5.95436032258064,5.95366612903226,5.96034419354839,5.2384,5.3219
2023-08-31,5.78371956521739,6.09334347826087,6.06294086956522,6.05709652173913,5.31816695652174,5.38234043478261
2023-09-30,5.83877380952381,6.21910476190476,6.07451238095238,6.10036,5.32466095238095,5.39988285714286
2023-10-31,5.79656818181818,6.28293545454546,6.16116590909091,6.17141681818182,5.33158136363636,5.39805454545455
2023-11-30,5.817648182,6.319900909,6.193138636,6.202038636,5.332831364,5.377861364
2023-12-31,5.87703619047619,6.32069190476191,6.13294095238095,6.10277428571429,5.35659666666667,5.36476428571429
2024-01-31,5.85407869565218,6.23185086956522,5.98933173913043,5.95036,5.33733,5.3195652173913
2024-02-29,5.90805190476191,6.24232714285714,6.05043428571429,5.92835952380953,5.32148095238095,5.31764523809524
2024-03-31,5.86354904761905,6.22258904761905,6.07000142857143,5.9183419047619,5.3255680952381,5.31991952380952
2024-04-30,5.79965681818182,6.21223818181818,6.03988409090909,5.89542818181818,5.31858772727273,5.3169
2024-05-31,5.8661252173913,6.25195695652174,6.10376173913044,5.9221547826087,5.32291391304348,5.33186260869565
2024-06-30,5.8920535,6.2675335,6.05077,5.8674375,5.3356985,5.340267
2024-07-31,5.80789652173913,6.21467260869565,5.9752047826087,5.80970695652174,5.33774695652174,5.28657304347826
2024-08-31,5.84755590909091,6.10564772727272,5.88662636363636,5.63829954545455,5.30115954545455,5.10234136363636
2024-09-30,5.64126233333333,5.81715266666667,5.62368033333333,5.455182,5.00164966666667,4.82154533333333
2024-10-31,5.52297193548387,5.61646193548387,5.44082483870968,5.18956322580645,4.77038,4.61872225806452
2024-11-30,5.39366666666667,5.52957466666667,5.46408766666667,5.13734433333333,4.602833,4.51431666666666
2024-12-31,5.50045709677419,5.52454193548387,5.44893709677419,5.14600419354839,4.40205193548387,4.36863612903226
2025-01-31,5.56292322580645,5.3969,5.47566838709677,5.27195193548387,4.30802290322581,4.29392225806452
2025-02-28,5.44820642857143,5.45718178571429,5.37879285714286,5.27834821428571,4.31632178571429,4.31476785714286
2025-03-31,5.51946161290323,5.40750774193548,5.44151,5.20237838709677,4.32095419354839,4.29848483870968
2025-04-30,5.53589666666666,5.36609666666667,5.35785833333333,5.03413366666666,4.31988733333333,4.265275
2025-05-31,5.55030387096774,5.36470387096774,5.35703677419355,5.0183764516129,4.32811774193548,4.31278548387097
2025-06-30,5.673599,5.484387,5.443317,5.09793633333333,4.31806866666667,4.31168733333333
2025-07-31,5.73719709677419,5.45222225806452,5.76644806451613,5.22463290322581,4.34448290322581,4.31183935483871
2025-08-31,5.66393548387097,5.40406935483871,5.83395161290323,5.20383774193548,4.33668774193548,4.21979806451613
2025-09-30,5.62697266666667,5.26381466666666,5.46850066666667,5.08638666666667,4.172954,4.04469466666667
2025-10-31,5.23598096774194,5.20804225806452,5.24972387096774,5.05616258064516,4.03169064516129,3.88851516129032
2025-11-30,5.01387433333333,4.97107966666667,5.11578766666667,4.91864966666667,3.94733033333333,3.853153
2025-12-31,4.86211258064516,4.89347129032258,5.17548741935484,4.97417709677419,3.74716483870968,3.70841967741936
