date,demand_deposits_mn_sar,demand_business_mn_sar,demand_govt_mn_sar,time_savings_mn_sar,time_business_mn_sar,time_govt_mn_sar
1993-12-31,78879.959,76796.959,2083.0,47892.33899999999,30574.771999999997,17317.567
1994-12-31,80679.357,77318.837,3360.52,51417.119999999995,31996.662,19420.458
1995-12-31,81383.933,78781.585,2602.348,61222.523,38022.296,23200.227
1996-12-31,89890.22099999999,87696.2,2194.021,71080.751,44238.746,26842.005
1997-12-31,95360.545,92253.951,3106.594,77165.538,46286.611000000004,30878.927
1998-12-31,95253.268,92648.315,2604.953,83436.098,45812.4,37623.698
1999-12-31,101604.895,98974.74,2630.155,85341.41500000001,49799.655,35541.76
2000-12-31,114480.931,110822.978,3657.953,90832.006,53779.024,37052.982
2001-12-31,130192.471,126828.797,3363.674,91684.591,49152.743,42531.848
2002-12-31,150009.862,147029.341,2980.521,108028.195,64257.72,43770.475
2003-12-31,167577.202,163830.522,3746.68,113381.881,66821.26,46560.621
2004-12-31,211170.238,199284.54,11885.698,136672.88,84409.093,52263.787
2005-12-31,219251.036,208041.205,11209.831,165266.397,105474.42899999999,59791.968
2006-12-31,243417.69100000002,229289.303,14128.388,226026.745,145950.809,80075.936
2007-12-31,311365.062,284716.883,26648.179,283059.125,189705.05599999998,93354.069
2008-12-31,342487.68200000003,327208.764,15278.918,367623.877,242853.766,124770.111
2009-12-31,433162.212,413627.502,19534.71,323377.029,202388.03,120988.999
2010-12-31,530072.227,492431.446,37640.781,298282.546,182949.02599999998,115333.52
2011-12-31,642093.67,612684.091,29409.579,316400.646,193477.619,122923.027
2012-12-31,756555.345,697806.738,58748.607,329679.868,203601.633,126078.235
2013-12-31,860270.196,804570.879,55699.317,350266.485,199383.631,150882.854
2014-12-31,991384.41,932255.7,59128.71,403419.45,172993.642,230425.808
2015-12-31,980150.664,928048.656,52102.008,439377.329,221750.062,217627.267
2016-12-31,976086.1988083251,914430.702674325,61655.496134,496019.30788064003,274643.98286095,221375.32501969
2017-12-31,1002467.74800831,895303.89642767,107163.85158064001,454152.05919544,253390.90731838,200761.15187706
2018-12-31,1040664.95184748,928548.7788474801,112116.173,443022.41314937995,274525.14014937996,168497.273
2019-12-31,1099151.08319698,1005893.28319698,93257.8,501666.91848965,261730.74148965,239936.177
2020-12-31,1282591.31982632,1137481.67982632,145109.64,473966.98055585,262326.18655584997,211640.794
2021-12-31,1360108.1662613498,1192849.5402613499,167258.626,495334.36669822,259387.49469822002,235946.872
2022-12-31,1328160.3574,1155575.884,172584.47340000002,654764.2713499999,313679.63844999997,341084.63289999997
2023-12-31,1312330.2918346801,1093780.01250668,218550.279328,864069.4239041801,440709.94394418004,423359.47995999997
2024-12-31,1440640.6123717302,1159067.9033717301,281572.709,949707.90734594,551192.59334594,398515.314
2025-12-31,1432320.08099126,1160129.26599126,272190.815,1173836.6563675266,646865.2563675264,526971.4
1993-01-31,83672.56700000001,79955.998,3716.569,46181.365999999995,28983.748,17197.618
1993-02-28,84624.138,81015.695,3608.443,46108.899000000005,29088.998,17019.901
1993-03-31,85427.936,82354.552,3073.384,45748.717000000004,29810.159,15938.558
1993-04-30,85704.078,82657.093,3046.985,45984.425,29988.666,15995.759
1993-05-31,85989.786,82930.908,3058.878,46212.882,30256.019,15956.863
1993-06-30,89345.831,85937.576,3408.255,46155.635,30642.918,15512.717
1993-07-31,89945.723,86684.048,3261.675,46245.888999999996,31145.943,15099.946
1993-08-31,89289.138,86384.668,2904.47,46625.812000000005,31601.029000000002,15024.783
1993-09-30,88202.388,85294.69,2907.698,45713.529,30358.95,15354.579
1993-10-31,83343.125,80226.532,3116.593,46608.568,30119.421000000002,16489.147
1993-11-30,81473.832,77839.883,3633.949,46633.355,30552.095,16081.26
1993-12-31,78879.959,76796.959,2083.0,47892.33899999999,30574.771999999997,17317.567
1994-01-31,81221.733,77693.465,3528.268,47767.719000000005,30281.071000000004,17486.648
1994-02-28,84268.491,79685.294,4583.197,46748.75,29621.43,17127.32
1994-03-31,80386.28600000001,76844.228,3542.058,48772.721999999994,30521.385,18251.337
1994-04-30,80762.179,78135.433,2626.746,47971.187999999995,30286.132999999998,17685.055
1994-05-31,82660.827,78794.474,3866.353,48219.808999999994,30333.902,17885.907
1994-06-30,82602.91900000001,78356.672,4246.247,48248.854999999996,30653.394,17595.461
1994-07-31,83741.227,78689.406,5051.821,47046.933999999994,29665.083,17381.851
1994-08-31,83244.798,78755.091,4489.707,47025.922999999995,30078.556,16947.367
1994-09-30,83187.147,79091.078,4096.069,48357.727,30348.292,18009.435
1994-10-31,82731.442,78679.98,4051.462,49518.496,30504.963,19013.533
1994-11-30,81423.201,77713.599,3709.602,49991.246,30820.426,19170.82
1994-12-31,80679.357,77318.837,3360.52,51417.119999999995,31996.662,19420.458
1995-01-31,79211.39700000001,75820.176,3391.221,51578.78,32152.453,19426.327
1995-02-28,79768.541,76243.727,3524.814,53809.462,33818.453,19991.009
1995-03-31,82448.977,78341.125,4107.852,54625.361999999994,34192.289,20433.073
1995-04-30,82464.792,78930.016,3534.776,54394.064,34774.879,19619.185
1995-05-31,83724.515,80379.961,3344.554,56178.094,35678.121,20499.973
1995-06-30,84180.731,80733.804,3446.927,56152.393000000004,36028.986000000004,20123.407
1995-07-31,82131.866,78884.18,3247.686,56693.034,36430.795,20262.239
1995-08-31,78445.43800000001,75206.175,3239.263,57233.003000000004,37170.355,20062.648
1995-09-30,81546.418,78918.311,2628.107,58436.185,37598.198,20837.987
1995-10-31,81136.67000000001,78260.32,2876.35,58310.67,37358.176999999996,20952.493
1995-11-30,81907.78899999999,78749.237,3158.552,59259.199,36956.786,22302.413
1995-12-31,81383.933,78781.585,2602.348,61222.523,38022.296,23200.227
1996-01-31,81999.225,79155.509,2843.716,60514.753,36694.064999999995,23820.688
1996-02-29,82933.791,79476.986,3456.805,60209.38,36240.793,23968.587
1996-03-31,83226.502,80497.822,2728.68,61755.078,37181.841,24573.237
1996-04-30,85496.598,82512.109,2984.489,63254.693,38695.282,24559.411
1996-05-31,87969.22899999999,84991.726,2977.503,61804.605,38472.071,23332.534
1996-06-30,88015.869,85077.638,2938.231,61296.042,36826.735,24469.307
1996-07-31,86829.758,84048.844,2780.914,62946.971000000005,37593.275,25353.696
1996-08-31,86392.423,83427.803,2964.62,65826.946,41258.911,24568.035
1996-09-30,86951.38500000001,84218.301,2733.084,66048.799,40848.562000000005,25200.237
1996-10-31,86568.444,83747.129,2821.315,66950.689,42275.657999999996,24675.031
1996-11-30,87305.25200000001,84822.224,2483.028,68085.143,42690.686,25394.457
1996-12-31,89890.22099999999,87696.2,2194.021,71080.751,44238.746,26842.005
1997-01-31,94768.131,90136.824,4631.307,69427.555,42765.390999999996,26662.164
1997-02-28,93238.03600000001,89268.971,3969.065,69563.339,43102.553,26460.786
1997-03-31,96658.58200000001,91879.982,4778.6,70956.802,43170.861,27785.941
1997-04-30,97167.546,92826.42,4341.126,69596.496,42728.004,26868.492
1997-05-31,97936.472,93211.67,4724.802,69438.634,43250.037000000004,26188.597
1997-06-30,97130.391,92432.864,4697.527,69364.539,42934.705,26429.834
1997-07-31,96936.798,92836.609,4100.189,70233.943,43395.611000000004,26838.332
1997-08-31,95290.923,91444.078,3846.845,71749.734,44462.5,27287.234
1997-09-30,94200.418,91341.652,2858.766,72463.189,44971.263,27491.926
1997-10-31,94514.682,90809.932,3704.75,72883.008,45547.563,27335.445
1997-11-30,94900.734,91374.982,3525.752,74581.07800000001,45894.181000000004,28686.897
1997-12-31,95360.545,92253.951,3106.594,77165.538,46286.611000000004,30878.927
1998-01-31,97699.417,93613.283,4086.134,77508.351,46449.836,31058.515
1998-02-28,96953.608,92814.049,4139.559,77881.994,46105.279,31776.715
1998-03-31,98017.262,94188.479,3828.783,78781.845,46587.576,32194.269
1998-04-30,100095.93599999999,96182.593,3913.343,78112.831,46170.662000000004,31942.169
1998-05-31,99807.486,96461.872,3345.614,78059.301,46064.864,31994.437
1998-06-30,101012.645,97750.327,3262.318,80143.23199999999,47421.854999999996,32721.377
1998-07-31,98070.62599999999,94616.544,3454.082,78664.425,45508.240000000005,33156.185
1998-08-31,97122.27900000001,93707.236,3415.043,78696.13,45338.406,33357.724
1998-09-30,94923.431,91834.616,3088.815,79211.595,45392.598,33818.997
1998-10-31,94516.26999999999,91429.991,3086.279,79203.072,45002.66,34200.412
1998-11-30,94805.79199999999,91697.396,3108.396,79919.94099999999,45172.89,34747.051
1998-12-31,95253.268,92648.315,2604.953,83436.098,45812.4,37623.698
1999-01-31,97596.15299999999,93973.139,3623.014,81515.4,45374.959,36140.441
1999-02-28,99206.59000000001,95584.695,3621.895,81825.216,46482.215000000004,35343.001
1999-03-31,99834.60399999999,96707.984,3126.62,83629.246,47474.384,36154.862
1999-04-30,101837.768,98395.635,3442.133,83128.313,48494.626,34633.687
1999-05-31,100983.29000000001,97728.789,3254.501,82390.60399999999,47966.162,34424.442
1999-06-30,101621.68000000001,98122.763,3498.917,81892.30799999999,47393.316,34498.992
1999-07-31,102703.491,98167.601,4535.89,80680.984,47257.988999999994,33422.995
1999-08-31,102421.029,97917.307,4503.722,82478.818,48822.294,33656.524
1999-09-30,101569.875,97247.154,4322.721,82624.614,48254.623,34369.991
1999-10-31,101894.041,97391.988,4502.053,82272.848,47655.582,34617.266
1999-11-30,104285.02500000001,99032.194,5252.831,82556.665,47490.645,35066.02
1999-12-31,101604.895,98974.74,2630.155,85341.41500000001,49799.655,35541.76
2000-01-31,109617.144,104071.482,5545.662,85371.64499999999,50305.833,35065.812
2000-02-29,107490.441,102594.445,4895.996,84791.198,49048.576,35742.622
2000-03-31,112228.023,107221.962,5006.061,84492.34,48719.634000000005,35772.706
2000-04-30,114389.815,109935.44,4454.375,85628.723,48512.285,37116.438
2000-05-31,113069.503,108910.651,4158.852,86401.953,49234.856999999996,37167.096
2000-06-30,114385.693,109934.136,4451.557,87736.572,50472.016,37264.556
2000-07-31,112910.718,108850.609,4060.109,87722.681,50566.422999999995,37156.258
2000-08-31,112233.808,108508.257,3725.551,87623.711,50594.405,37029.306
2000-09-30,112622.136,108487.341,4134.795,87691.955,50305.099,37386.856
2000-10-31,111398.77,107303.14,4095.63,86427.344,50011.698,36415.646
2000-11-30,110999.117,106640.041,4359.076,88314.62299999999,51250.478,37064.145
2000-12-31,114480.931,110822.978,3657.953,90832.006,53779.024,37052.982
2001-01-31,117255.36300000001,112984.403,4270.96,90803.18,53267.521,37535.659
2001-02-28,118673.21699999999,114024.756,4648.461,91391.728,54620.767,36770.961
2001-03-31,122472.026,117421.449,5050.577,92627.342,54461.792,38165.55
2001-04-30,125244.833,120107.491,5137.342,88403.987,51447.292,36956.695
2001-05-31,126960.709,121329.996,5630.713,89016.54000000001,51275.973,37740.567
2001-06-30,128499.99900000001,123452.267,5047.732,87349.837,49412.024,37937.813
2001-07-31,126228.18000000001,121822.129,4406.051,87285.877,49082.804,38203.073
2001-08-31,125966.908,121596.648,4370.26,89171.34700000001,50281.895000000004,38889.452
2001-09-30,126528.20999999999,122613.844,3914.366,87923.045,49189.612,38733.433
2001-10-31,126173.107,122224.861,3948.246,89398.12299999999,49545.184,39852.939
2001-11-30,130980.143,124728.571,6251.572,88887.89600000001,49203.873,39684.023
2001-12-31,130192.471,126828.797,3363.674,91684.591,49152.743,42531.848
2002-01-31,131726.96,127732.857,3994.103,91545.372,48680.783,42864.589
2002-02-28,134273.886,130581.612,3692.274,92712.47099999999,49303.242,43409.229
2002-03-31,138295.23200000002,134114.948,4180.284,91195.462,46470.926999999996,44724.535
2002-04-30,142344.39800000002,137165.852,5178.546,89553.132,46070.965,43482.167
2002-05-31,144574.124,138964.079,5610.045,89152.857,45569.978,43582.879
2002-06-30,143514.352,138857.026,4657.326,88127.743,44571.652,43556.091
2002-07-31,146040.27,138256.563,7783.707,89910.14199999999,47446.585999999996,42463.556
2002-08-31,145817.87900000002,139457.184,6360.695,90503.92000000001,47673.041000000005,42830.879
2002-09-30,146193.767,140418.013,5775.754,91472.29000000001,48541.740000000005,42930.55
2002-10-31,148365.95,143414.211,4951.739,101181.188,57772.364,43408.824
2002-11-30,148490.264,144441.466,4048.798,102186.386,58621.55,43564.836
2002-12-31,150009.862,147029.341,2980.521,108028.195,64257.72,43770.475
2003-01-31,152144.224,147601.523,4542.701,108130.861,63559.592,44571.269
2003-02-28,151700.161,147668.702,4031.459,108392.233,63239.551999999996,45152.681
2003-03-31,156587.343,151711.362,4875.981,106823.197,60681.649,46141.548
2003-04-30,159402.688,154531.357,4871.331,105375.97200000001,58706.708,46669.264
2003-05-31,161654.81199999998,157133.588,4521.224,105240.02,59454.277,45785.743
2003-06-30,162903.869,158903.441,4000.428,104984.349,58452.715000000004,46531.634
2003-07-31,164635.27300000002,160660.059,3975.214,105498.84099999999,61809.371999999996,43689.469
2003-08-31,163138.393,159167.182,3971.211,105419.57500000001,62051.734000000004,43367.841
2003-09-30,161965.869,157375.185,4590.684,106422.194,62189.712,44232.482
2003-10-31,162650.828,158780.149,3870.679,105697.427,60613.130999999994,45084.296
2003-11-30,161642.97900000002,157730.7,3912.279,108639.715,62151.034,46488.681
2003-12-31,167577.202,163830.522,3746.68,113381.881,66821.26,46560.621
2004-01-31,170312.72199999998,164063.441,6249.281,113806.80600000001,67531.679,46275.127
2004-02-29,174769.76700000002,169604.469,5165.298,113855.94399999999,66687.28,47168.664
2004-03-31,182165.55000000002,177469.64,4695.91,111554.355,64686.354,46868.001
2004-04-30,185519.863,180184.499,5335.364,108859.399,62739.168999999994,46120.23
2004-05-31,183650.013,177301.053,6348.96,109923.405,64188.354,45735.051
2004-06-30,185576.957,180231.038,5345.919,115238.60800000001,70733.295,44505.313
2004-07-31,190406.526,180949.883,9456.643,119773.764,74526.836,45246.928
2004-08-31,188878.624,182300.342,6578.282,128526.63400000002,79201.89700000001,49324.737
2004-09-30,187349.42899999997,182607.11,4742.319,126068.24799999999,75360.968,50707.28
2004-10-31,182341.17200000002,173967.95,8373.222,125833.013,74087.406,51745.607
2004-11-30,201120.218,192814.289,8305.929,144964.169,92845.303,52118.866
2004-12-31,211170.238,199284.54,11885.698,136672.88,84409.093,52263.787
2005-01-31,209720.127,196611.746,13108.381,135731.858,84496.556,51235.302
2005-02-28,208933.434,197647.419,11286.015,136739.837,84740.633,51999.204
2005-03-31,217667.308,203661.633,14005.675,142386.186,88064.239,54321.947
2005-04-30,220732.29400000002,202694.094,18038.2,141937.26,88336.728,53600.532
2005-05-31,220251.576,204305.122,15946.454,151991.51499999998,97193.41699999999,54798.098
2005-06-30,215973.956,204252.5,11721.456,156873.64299999998,102029.621,54844.022
2005-07-31,222965.288,210945.358,12019.93,150912.845,95123.817,55789.028
2005-08-31,217416.18099999998,206489.933,10926.248,155972.671,97314.896,58657.775
2005-09-30,213561.856,203460.043,10101.813,160908.929,100368.58799999999,60540.341
2005-10-31,210094.906,200246.759,9848.147,163515.232,99980.658,63534.574
2005-11-30,218400.90899999999,206079.261,12321.648,162103.055,99454.71100000001,62648.344
2005-12-31,219251.036,208041.205,11209.831,165266.397,105474.42899999999,59791.968
2006-01-31,217628.577,206357.592,11270.985,174076.473,112620.02,61456.453
2006-02-28,225930.791,213781.705,12149.086,177575.849,117108.359,60467.49
2006-03-31,229288.842,216821.423,12467.419,190142.288,130361.972,59780.316
2006-04-30,230092.234,216279.767,13812.467,192885.538,130919.444,61966.094
2006-05-31,234442.443,220209.588,14232.855,191842.147,123018.103,68824.044
2006-06-30,237337.733,222118.794,15218.939,190592.94300000003,122366.57,68226.373
2006-07-31,228549.726,213933.713,14616.013,200977.18699999998,126356.866,74620.321
2006-08-31,228420.031,214682.58,13737.451,209375.37800000003,133975.1,75400.278
2006-09-30,231575.05000000002,216249.801,15325.249,212027.304,134852.19,77175.114
2006-10-31,226135.169,212873.389,13261.78,214249.52400000003,134984.39800000002,79265.126
2006-11-30,234169.661,221084.894,13084.767,217353.46000000002,136608.912,80744.548
2006-12-31,243417.69100000002,229289.303,14128.388,226026.745,145950.809,80075.936
2007-01-31,248227.86,234737.845,13490.015,222623.798,143631.747,78992.051
2007-02-28,251586.42,237949.404,13637.016,230859.834,150070.625,80789.209
2007-03-31,257599.53600000002,243654.222,13945.314,238989.47499999998,153847.403,85142.072
2007-04-30,265543.483,248420.325,17123.158,240689.892,156963.072,83726.82
2007-05-31,263833.132,248525.274,15307.858,249104.353,164566.435,84537.918
2007-06-30,266103.99199999997,248723.283,17380.709,254543.11700000003,163329.325,91213.792
2007-07-31,278710.06200000003,254175.317,24534.745,260701.89500000002,167392.21000000002,93309.685
2007-08-31,273381.25299999997,251493.379,21887.874,263204.272,163847.06600000002,99357.206
2007-09-30,284810.316,256642.666,28167.65,264471.61199999996,166817.343,97654.269
2007-10-31,286655.994,257662.935,28993.059,273395.64800000004,172446.499,100949.149
2007-11-30,298115.90099999995,273360.159,24755.742,278119.753,180668.731,97451.022
2007-12-31,311365.062,284716.883,26648.179,283059.125,189705.05599999998,93354.069
2008-01-31,326768.10000000003,295427.063,31341.037,290823.916,196242.12800000003,94581.788
2008-02-29,328321.967,301093.502,27228.465,293010.708,197275.51,95735.198
2008-03-31,339307.701,310652.841,28654.86,294132.628,200162.404,93970.224
2008-04-30,336950.486,309908.528,27041.958,290815.061,197468.823,93346.238
2008-05-31,344438.369,321531.856,22906.513,283979.234,187133.49899999998,96845.735
2008-06-30,351553.161,329918.781,21634.38,282775.48099999997,186184.21099999998,96591.27
2008-07-31,349131.061,325066.021,24065.04,304354.993,203423.96899999998,100931.024
2008-08-31,342308.19800000003,320833.357,21474.841,318382.251,214614.258,103767.993
2008-09-30,333583.282,315153.314,18429.968,326502.052,218870.75100000002,107631.301
2008-10-31,335781.25,313476.622,22304.628,327910.38300000003,213373.268,114537.115
2008-11-30,343191.819,321870.315,21321.504,345952.037,232393.119,113558.918
2008-12-31,342487.68200000003,327208.764,15278.918,367623.877,242853.766,124770.111
2009-01-31,353332.116,334962.554,18369.562,351728.075,224369.541,127358.534
2009-02-28,364553.366,346334.165,18219.201,351318.998,224306.611,127012.387
2009-03-31,376934.74,358451.767,18482.973,356403.372,222887.633,133515.739
2009-04-30,386767.004,363387.852,23379.152,348358.23699999996,212834.331,135523.906
2009-05-31,387304.766,365197.212,22107.554,344644.684,203703.653,140941.031
2009-06-30,390595.37100000004,374291.515,16303.856,348148.887,207218.08,140930.807
2009-07-31,403117.56600000005,384214.856,18902.71,347397.31299999997,208975.627,138421.686
2009-08-31,403895.968,383435.112,20460.856,335614.64999999997,208801.273,126813.377
2009-09-30,404110.359,386045.571,18064.788,330633.56200000003,207361.217,123272.345
2009-10-31,407662.991,389392.643,18270.348,330418.114,201358.158,129059.956
2009-11-30,412928.703,395121.414,17807.289,342006.538,209492.084,132514.454
2009-12-31,433162.212,413627.502,19534.71,323377.029,202388.03,120988.999
2010-01-31,443336.925,417187.657,26149.268,307826.76,193436.776,114389.984
2010-02-28,443182.14,422912.092,20270.048,317763.165,201031.36599999998,116731.799
2010-03-31,452188.017,427629.015,24559.002,313706.757,198168.117,115538.64
2010-04-30,458302.83,434947.852,23354.978,307590.187,192976.18099999998,114614.006
2010-05-31,464995.53099999996,443926.675,21068.856,307982.457,191066.39099999997,116916.066
2010-06-30,484505.481,451188.302,33317.179,304047.311,187909.602,116137.709
2010-07-31,497230.186,458207.545,39022.641,289681.345,176215.049,113466.296
2010-08-31,491562.36,464950.741,26611.619,287163.555,179380.357,107783.198
2010-09-30,495813.693,456838.444,38975.249,298173.741,185034.76799999998,113138.973
2010-10-31,499532.86,460169.105,39363.755,283585.23699999996,174991.631,108593.606
2010-11-30,512708.348,477422.12,35286.228,290399.60000000003,179481.98200000002,110917.618
2010-12-31,530072.227,492431.446,37640.781,298282.546,182949.02599999998,115333.52
2011-01-31,542902.193,515198.367,27703.826,297566.288,180584.297,116981.991
2011-02-28,544726.303,518894.198,25832.105,299912.324,186525.131,113387.193
2011-03-31,583031.552,538698.833,44332.719,304660.711,188659.682,116001.029
2011-04-30,613916.645,580039.097,33877.548,296322.201,179865.74,116456.461
2011-05-31,612547.975,576819.567,35728.408,300499.67,184104.241,116395.429
2011-06-30,604970.803,573071.711,31899.092,307014.674,185301.434,121713.24
2011-07-31,616560.891,580887.746,35673.145,295960.397,181277.23,114683.167
2011-08-31,613067.706,581020.816,32046.89,292382.287,181966.197,110416.09
2011-09-30,612790.84,580789.575,32001.265,299995.026,186117.992,113877.034
2011-10-31,621250.915,587401.74,33849.175,298663.309,184549.556,114113.753
2011-11-30,626976.003,594658.074,32317.929,297492.666,184478.984,113013.682
2011-12-31,642093.67,612684.091,29409.579,316400.646,193477.619,122923.027
2012-01-31,661492.014,630101.665,31390.349,309211.597,191257.708,117953.889
2012-02-29,669217.322,634380.957,34836.365,317047.176,200613.361,116433.815
2012-03-31,678561.795,644342.659,34219.136,319556.021,192104.85,127451.171
2012-04-30,687235.073,646513.327,40721.746,305293.529,183432.884,121860.645
2012-05-31,685933.584,645464.242,40469.342,309708.735,185040.686,124668.049
2012-06-30,687117.961,647722.2,39395.761,318544.663,185014.385,133530.278
2012-07-31,693063.336,646721.519,46341.817,303386.081,177707.981,125678.1
2012-08-31,701350.291,659077.428,42272.863,297007.637,184338.088,112669.549
2012-09-30,698201.767,659625.516,38576.251,300923.005,180761.757,120161.248
2012-10-31,714167.188,666288.855,47878.333,330751.587,194119.009,136632.578
2012-11-30,710579.399,672723.045,37856.354,314186.729,186161.163,128025.566
2012-12-31,756555.345,697806.738,58748.607,329679.868,203601.633,126078.235
2013-01-31,765249.714,706304.924,58944.79,327859.154,200206.317,127652.837
2013-02-28,772142.877,719340.986,52801.891,331047.675,196897.114,134150.561
2013-03-31,808247.642,747941.48,60306.162,317928.912,176608.642,141320.27
2013-04-30,823729.547,755917.79,67811.757,318919.72,175464.558,143455.162
2013-05-31,824772.889,754531.43,70241.459,325711.779,183350.393,142361.386
2013-06-30,825888.203,753354.218,72533.985,325796.545,180997.736,144798.809
2013-07-31,835271.541,777034.571,58236.97,317097.01,177826.569,139270.441
2013-08-31,835140.36,762800.515,72339.845,320236.805,177332.29,142904.515
2013-09-30,827253.259,755175.781,72077.478,330677.602,179879.442,150798.16
2013-10-31,827058.373,768698.282,58360.091,331415.298,186407.493,145007.805
2013-11-30,851560.235,787112.597,64447.638,335553.527,189771.894,145781.633
2013-12-31,860270.196,804570.879,55699.317,350266.485,199383.631,150882.854
2014-01-31,897072.37,821324.212,75748.158,344855.221,191626.883,153228.338
2014-02-28,893602.514,835277.594,58324.92,351780.943,197955.93,153825.013
2014-03-31,917833.857,857659.831,60174.026,351479.77,198816.873,152662.897
2014-04-30,939512.503,877438.459,62074.044,353021.334,187308.832,165712.502
2014-05-31,939726.981,875622.466,64104.515,366001.427,180486.558,185514.869
2014-06-30,941006.028,882368.235,58637.793,365485.459,180829.697,184655.762
2014-07-31,938049.512,878899.394,59150.118,394660.433,186527.175,208133.258
2014-08-31,947371.772,887734.649,59637.123,394967.461,182105.477,212861.984
2014-09-30,942800.619,883510.971,59289.648,406374.752,185326.072,221048.68
2014-10-31,943307.557,882670.364,60637.193,402207.407,182617.825,219589.582
2014-11-30,957102.384,897429.063,59673.321,398202.849,174835.312,223367.537
2014-12-31,991384.41,932255.7,59128.71,403419.45,172993.642,230425.808
2015-01-31,988118.686,926987.03,61131.656,389441.858,171036.646,218405.212
2015-02-28,1043789.913,980142.425,63647.488,392864.867,174042.606,218822.261
2015-03-31,1053229.895,989654.043,63575.852,391880.197,183057.292,208822.905
2015-04-30,1076095.304,996758.595,79336.709,367005.144,174396.814,192608.33
2015-05-31,1087032.913,999784.875,87248.038,380332.098,185760.371,194571.727
2015-06-30,1085079.376,999910.954,85168.422,377944.324,181160.434,196783.89
2015-07-31,1070536.029,991551.8,78984.229,382136.458,180296.914,201839.544
2015-08-31,1063494.06,983536.376,79957.684,386441.249,193510.245,192931.004
2015-09-30,1067325.841,975083.463,92242.378,411847.514,207043.269,204804.245
2015-10-31,1017129.241,952185.82,64943.421,408832.384,204478.518,204353.866
2015-11-30,1029233.201,941038.721,88194.48,420331.656,221031.685,199299.971
2015-12-31,980150.664,928048.656,52102.008,439377.329,221750.062,217627.267
2016-01-31,988161.812,919260.93,68900.882,425196.319,216503.014,208693.305
2016-02-29,982855.854,914276.072,68579.782,416813.159,224604.351,192208.808
2016-03-31,987565.3114968915,919812.3339879101,67752.9775089815,417112.29807053995,228488.36269605,188623.93537448999
2016-04-30,984155.3920952053,919123.3975066,65031.9945886053,410197.49918377,223831.13014261003,186366.36904115998
2016-05-31,989900.4052072725,914272.43227176,75627.9729355125,413540.8026303,224742.74927467998,188798.05335562
2016-06-30,966195.30671965,912631.4934596601,53563.81325999,447275.95405599,249818.06355048,197457.89050551
2016-07-31,967353.56004427,898691.30350636,68662.25653791,434303.60480471,241895.46747477,192408.13732994
2016-08-31,949234.58041743,881969.20099783,67265.3794196,459001.58447529,265833.96835185,193167.61612344
2016-09-30,944400.9614300099,880609.61439129,63791.34703872,479046.78448179003,268407.74533189,210639.0391499
2016-10-31,961550.7582083219,891199.705710192,70351.05249813,502292.841321658,286439.63213894,215853.209182718
2016-11-30,979428.7783466281,911188.932079748,68239.84626688,492298.07933420996,273228.63635599,219069.44297821997
2016-12-31,976086.1988083251,914430.702674325,61655.496134,496019.30788064003,274643.98286095,221375.32501969
2017-01-31,982424.6968797001,919357.71953249,63066.97734721,474371.32090131997,248080.21811770002,226291.10278362
2017-02-28,974813.43108105,910139.9217042299,64673.509376819995,473163.84166521,255073.92157511003,218089.9200901
2017-03-31,997825.09320282,908594.93600739,89230.15719543,471336.48886084,264673.80626897997,206662.68259186
2017-04-30,1015473.8618839299,916073.21578291,99400.64610102,448337.19555812003,238410.75872479,209926.43683333
2017-05-31,997628.22954257,906192.1154638999,91436.11407867,462730.99961374997,239367.35180486,223363.64780889
2017-06-30,984532.92889011,887558.70869418,96974.22019593,483886.80421785,249644.74855395002,234242.05566389998
2017-07-31,999993.3813601501,904144.53361941,95848.84774074,487933.5319023,258756.16077527002,229177.37112703
2017-08-31,992044.77954539,896994.7818647501,95049.99768064,492552.92402632,265320.62923917,227232.29478715
2017-09-30,980252.43381406,892686.9893288501,87565.44448521,476453.25227533,254691.95026395,221761.30201138
2017-10-31,997268.13354266,893861.33205038,103406.80149228,447418.8239496,257210.47902151998,190208.34492807998
2017-11-30,1000745.92672363,893552.03934985,107193.88737378,436644.829761951,247773.28364651298,188871.54611543802
2017-12-31,1002467.74800831,895303.89642767,107163.85158064001,454152.05919544,253390.90731838,200761.15187706
2018-01-31,1026862.4006637199,911616.4295051399,115245.97115858001,435841.98250332,242234.05461063,193607.92789269
2018-02-28,1010247.00812307,913108.55901098,97138.44911209,435291.22512028005,243606.21317052998,191685.01194975
2018-03-31,1013261.3495815,919359.87565266,93901.47392884,436709.84541953,256003.67896930999,180706.16645022
2018-04-30,1036080.9962894501,935881.73599564,100199.26029380999,411043.14093025005,242982.07376811,168061.06716214
2018-05-31,1034184.4123295901,931381.40080929,102803.0115203,410409.58066233003,245093.40183861,165316.17882372
2018-06-30,1022132.06542417,924449.17504721,97682.89037696,425210.41386247,251693.20479904,173517.20906343003
2018-07-31,1018978.74858477,915738.36958477,103240.379,428288.86324480997,244562.62624481,183726.237
2018-08-31,1019772.0590130499,916548.38601305,103223.673,429594.2639866,246276.8639866,183317.4
2018-09-30,1025100.0731598999,912890.8981599,112209.175,430433.19454255997,253237.75954255997,177195.435
2018-10-31,1019858.04332242,911797.28232242,108060.761,418234.00982569,254055.79882569,164178.211
2018-11-30,1029140.05704477,911303.15504477,117836.902,427147.85562948,258311.63862948,168836.217
2018-12-31,1040664.95184748,928548.7788474801,112116.173,443022.41314937995,274525.14014937996,168497.273
2019-01-31,1037175.99005592,931428.99105592,105746.999,434128.97023343004,264827.99023343,169300.98
2019-02-28,1035438.40716664,933124.9131666401,102313.494,436425.47221976,262463.50321976,173961.969
2019-03-31,1036501.2483910801,938784.8073910801,97716.441,429884.96568287,259120.97268287,170763.993
2019-04-30,1055153.1573218699,953688.8373218699,101464.32,427959.58088577003,259077.04488577,168882.536
2019-05-31,1061152.56293365,974607.9249336501,86544.638,444436.80763076,267307.29763076,177129.51
2019-06-30,1072291.61913889,978872.08613889,93419.533,437183.01986937,260702.55986937002,176480.46
2019-07-31,1069916.47479802,969842.39979802,100074.075,431249.14645243,256870.00845243002,174379.138
2019-08-31,1091072.3246576,991046.8546576,100025.47,428486.94680685,261426.13880685,167060.808
2019-09-30,1092951.86713498,992059.94013498,100891.927,430363.15651332,267607.05451332,162756.102
2019-10-31,1099694.80913498,992130.08213498,107564.727,443948.34051332006,272164.88851332,171783.452
2019-11-30,1107339.46974172,997501.0337417199,109838.436,426827.57236667,259538.35836667,167289.214
2019-12-31,1099151.08319698,1005893.28319698,93257.8,501666.91848965,261730.74148965,239936.177
2020-01-31,1091484.86948175,986269.99948175,105214.87,490580.72152315,262534.82452315,228045.897
2020-02-29,1133779.6454707799,998933.02947078,134846.616,465394.33349686005,250409.03449686,214985.299
2020-03-31,1166538.77243888,1036555.32943888,129983.443,460293.54549686005,244738.84249686,215554.703
2020-04-30,1198034.61154445,1062248.18254445,135786.429,447018.44472111,230798.71662102,216219.72810009
2020-05-31,1228184.04946208,1079176.90146208,149007.148,441352.82018225,229684.34308216,211668.47710009
2020-06-30,1216640.16642162,1082093.7054216198,134546.461,443490.72008286,242361.09264706,201129.62743579998
2020-07-31,1207795.59361364,1073308.6046136399,134486.989,443222.94247259997,250956.7690368,192266.17343579998
2020-08-31,1227796.64581164,1082226.87281164,145569.773,444709.12075878,251173.12675878,193535.994
2020-09-30,1224902.9207132,1093530.6287132,131372.292,451017.563866,252541.230866,198476.333
2020-10-31,1231847.1369997,1094863.8559997,136983.281,467579.30887181,245316.34387180998,222262.965
