date,reserves_to_deposits_pct,private_claims_to_deposits_pct,govt_claims_to_deposits_pct,foreign_assets_to_deposits_pct,foreign_assets_to_total_assets_pct
1995-12-31,5.626136985021978,60.97836022719495,32.0252996417028,49.31043903302079,28.71714936779391
1996-12-31,5.205683584208231,57.387514708705226,34.052777267149565,49.316662557770826,29.66115625566983
1997-12-31,5.537341909232785,58.96289014660303,42.68939609758945,43.892097481040594,26.06545213642253
1998-12-31,5.277643320326329,67.43480224896118,45.92330179455288,36.074817626571146,21.257104984517706
1999-12-31,6.6078213826546826,64.77600808931415,45.66010092903614,36.53851584699787,22.03301855494552
2000-12-31,7.046563954515303,64.27516293885179,45.71454926205654,37.767041420764016,22.327481126190175
2001-12-31,6.576263257780171,64.33196097132695,45.62227589069499,34.171608992118315,21.032484684721766
2002-12-31,8.477432450637396,60.91803880979363,42.47543340573571,28.26151816307782,18.78843512189458
2003-12-31,7.372440250337081,63.17671518181982,48.7725314028184,22.419244819786552,14.871747617164177
2004-12-31,7.355423337922986,72.0787160920709,40.30159823148177,21.306735267816105,14.159414840239098
2005-12-31,6.675204884669596,89.13545671128891,32.46299964956235,18.695018940369255,12.044895037046647
2006-12-31,8.809756293097657,80.55239509414591,25.228476828543627,21.964151686588373,15.073461004838142
2007-12-31,15.13648009132122,80.5338734924921,22.975678476763772,20.585217915426803,13.737837295090701
2008-12-31,11.484341007167982,86.81494869524603,14.508830213893798,18.199167542055612,11.824453443845812
2009-12-31,17.023879993080207,78.06476142860606,11.03893331680964,22.42503631631175,15.392598378104394
2010-12-31,16.1763358946792,78.76892675134273,9.564896720956712,19.609746660045506,13.645945409275223
2011-12-31,16.383670369400722,77.09822474371873,7.115031274510053,19.778918211585445,14.117404833413161
2012-12-31,17.482368201792493,79.02371343681426,6.456856348558141,17.421105618804834,12.620961213247941
2013-12-31,14.50885924897159,79.91788132941845,6.636935672964943,15.623134387017911,11.527183762077474
2014-12-31,13.781437612666458,79.99809815140618,6.255583327263336,16.22817124374702,11.917714056149842
2015-12-31,9.150589826100575,85.63890452638941,7.738825042082237,19.950264025859983,14.445903998054547
2016-12-31,14.724559701620658,87.02181658398366,14.346038126213834,14.350909280758994,10.21543897399502
2017-12-31,14.897432139370775,86.04426202525049,18.88208604593224,16.05045654606744,11.149987100004727
2018-12-31,13.316642042223073,86.36037393273023,21.44706756992532,13.853024783230754,9.667139175997928
2019-12-31,13.328400642315305,86.11006904019139,24.795291783349054,13.565266999262002,9.259501463409627
2020-12-31,14.831682694471048,90.70792629292767,26.63570330284343,12.870114693393855,8.392471683889852
2021-12-31,9.768260834610357,96.65619922738475,27.36207955426139,12.144352076475144,7.796958359530913
2022-12-31,8.818348944918498,99.74620188066523,27.801612679892557,12.498434495028189,7.92305652787252
2023-12-31,8.314883076881246,101.83258074790989,27.77560449646505,12.839552259754317,8.025752200936207
2024-12-31,8.071234321702562,106.05272102379715,29.527526893478594,13.987945807107884,8.379986715400685
2025-12-31,7.522373515225119,107.57422943555997,31.09769836200141,14.28732452696036,8.431049282933813
1993-01-31,6.3252419434400045,48.43830256417881,28.72353420571061,58.675593757078346,35.958536698769976
1993-02-28,6.232875833016783,51.4607383294298,28.622683979518083,61.382919903014574,35.64092605923767
1993-03-31,6.4001994341337465,50.040119660480244,29.1225545767618,61.9415078847671,36.12582084395593
1993-04-30,6.172165338795634,51.28834943283037,30.059343446937493,61.083109206470546,36.22041494574255
1993-05-31,6.649507806829201,52.213531763192556,29.161443877057902,62.88409293354583,36.66321122209439
1993-06-30,5.979129855262778,51.37588310450487,29.162804973100094,62.542289401312125,36.65053252430132
1993-07-31,6.382569108654882,51.69057433423083,31.07702200197226,59.464784434541166,35.34327991308286
1993-08-31,5.940659238360401,50.92026709797518,29.961126342224954,60.872349750315024,36.71879421683803
1993-09-30,6.151943047241341,52.677626282986566,30.144043531317593,59.56642006362271,35.09580321502205
1993-10-31,6.259085626993944,51.80936619160394,30.275005052791965,59.050380765325315,34.97025079554831
1993-11-30,6.3590692258954045,53.9307443047774,30.387640793287503,58.492654934199116,34.63900012544497
1993-12-31,6.205717226265467,54.86117063600198,32.12385064155935,60.057179345541066,34.78868581051458
1994-01-31,6.795948477138249,54.07487514531974,31.579343791356283,52.01349460103687,31.432003536714003
1994-02-28,6.522435680519452,56.062019631444905,31.039654040613684,54.46852414150438,32.47387054754123
1994-03-31,6.6966125543344175,57.84757513638558,31.674156964682698,53.54669031805944,31.185753051337816
1994-04-30,6.386881702413041,58.96233213694345,32.98188335193569,51.070125086329774,30.001533309191313
1994-05-31,6.469169766938351,59.21843366611063,32.615910183703704,49.05984752139616,28.36524827165124
1994-06-30,6.296869928457646,57.5599501056128,33.67620203643888,49.24209484682878,28.528040506380126
1994-07-31,6.945358877234837,56.9625550698738,33.881170470001685,48.47303211422738,28.382784346767437
1994-08-31,6.533598061691659,58.37716323567575,33.93633577088693,47.75482559062195,27.970052484226343
1994-09-30,6.67063603428559,58.00148907310595,34.19146345694951,48.0515080921084,27.858544858768536
1994-10-31,6.668843798546247,57.88177147862065,34.124267755075664,48.06960837349879,28.28786760900942
1994-11-30,6.484175598334646,59.00440891476267,34.75062318751256,49.287507371675495,28.382936887775713
1994-12-31,6.090020347438191,59.180229913184654,34.4832509486129,51.31462283488594,29.54188425624879
1995-01-31,6.528465523796413,60.39965348168136,34.86451903770199,51.216831073479185,28.95520468695872
1995-02-28,6.523621436325919,61.1425291749525,33.975335320437495,50.689839937189994,28.58521956771105
1995-03-31,6.002015780004025,60.15616169789351,33.562389245333634,48.015053107892726,27.475464400176858
1995-04-30,5.950543867103962,60.36747737987821,33.71670223275676,49.8052517437534,28.007062168751197
1995-05-31,6.210881074582399,60.56151829884868,33.099403538197755,50.891473968565805,28.235270305478387
1995-06-30,5.956228485252527,61.16648395027485,32.92951879955509,51.04692581351834,28.51695822737954
1995-07-31,6.485310942566155,62.50093779808582,32.99777347478868,51.18536068093871,28.5515485791517
1995-08-31,6.083955564195183,60.39861388109365,34.08445007948204,51.56074792114869,29.07003258312243
1995-09-30,6.394092380572512,60.536098321689124,32.58538547708535,49.098862106023454,28.16135577448584
1995-10-31,5.960979281236688,60.56207714670041,33.081744900319144,48.12580024627347,27.92303382894729
1995-11-30,5.671842218438554,61.87128173096447,32.001841880637194,48.94620362324833,28.244390616620755
1995-12-31,5.626136985021978,60.97836022719495,32.0252996417028,49.31043903302079,28.71714936779391
1996-01-31,5.759086470241309,60.446499839529935,31.80280222734672,48.62961899346187,28.48765138367809
1996-02-29,6.59999090702769,61.12957671163208,31.786208840897746,49.551571219734974,28.905814780286338
1996-03-31,5.6858693625011,60.18430883914972,32.191119750252774,49.894832716082384,29.040173104692197
1996-04-30,5.975388959549046,58.92759552070932,34.35046347439051,48.31750092364404,28.278423299152795
1996-05-31,5.688527551323108,59.06854568292604,35.52546550345058,46.866809572154864,27.95168207261463
1996-06-30,5.728801514564238,57.53705250515413,35.80726544323745,45.565545901460155,27.321709096663234
1996-07-31,5.58187422811365,59.27004684624042,36.71404683514099,46.985994499503555,27.810796625688077
1996-08-31,5.610865214190177,58.590277390830416,34.96941203331508,48.71651706056455,28.89138045628965
1996-09-30,5.603756611821674,59.947759565862704,34.92961500041609,49.21730102816484,28.696451878908313
1996-10-31,5.442425127470678,59.37350622319346,35.33380190167843,48.236843163388315,28.63566572634177
1996-11-30,5.72380243617513,57.81339980517911,34.14188676797197,47.5206845637077,28.458355005766744
1996-12-31,5.205683584208231,57.387514708705226,34.052777267149565,49.316662557770826,29.66115625566983
1997-01-31,5.80994937011632,56.11892298994926,35.624216011994534,47.63685345836024,28.919591473102717
1997-02-28,5.866119153952149,57.154671476663744,37.419707671541985,46.12720963219746,27.914947589784607
1997-03-31,5.954636919556677,55.32740321853969,38.163425331622456,47.2501152850774,28.42791651940309
1997-04-30,5.769187375401763,56.106178185693956,40.276756730705955,46.87802975683517,28.051710139671034
1997-05-31,5.859588821886871,55.71220324466669,41.806219811967225,43.856928051575586,26.64960829240855
1997-06-30,5.740338954404161,57.586744939731396,42.177770977258206,44.55406978756239,26.42675167509608
1997-07-31,5.85540622126511,58.92833345281484,43.73819438253654,42.35560252008844,25.023731584758806
1997-08-31,5.944133254065254,60.507156358417625,42.59657865485629,40.86943157830068,24.027851222168877
1997-09-30,5.745976961696956,58.91662777649389,42.50734139637329,42.193068807087954,25.21842868385859
1997-10-31,5.721702252850579,60.798372680540325,42.36965902032214,41.73650743033667,24.926720079555135
1997-11-30,5.639777437132893,61.56551851076203,41.14439330322251,41.41972211495142,24.842712968319024
1997-12-31,5.537341909232785,58.96289014660303,42.68939609758945,43.892097481040594,26.06545213642253
1998-01-31,5.954835349506586,59.19422296530452,42.69729521727192,42.380134047477206,25.646578818651534
1998-02-28,5.666723108264441,60.068826838736996,43.00172784645425,43.32330806892528,25.958092879776668
1998-03-31,5.863205395721411,59.753199049603886,43.84357932162755,43.36807397947728,25.628678799000802
1998-04-30,5.824192801334694,60.444069826802505,43.84767465222008,41.66735800237401,24.75060974268398
1998-05-31,5.825036293110482,61.56044283838986,44.69747555839146,41.24035498737316,24.381237071397777
1998-06-30,5.61718021404934,61.32894672091172,45.09176793540542,40.14494445061425,23.798604834603086
1998-07-31,5.669518083747233,64.3138298194299,47.470629331321824,38.4671674929851,22.526553570199432
1998-08-31,5.541715236227095,64.76258222366059,46.65643262721112,38.56397719274972,22.501738252162866
1998-09-30,5.377029247284099,65.66859700123203,47.10700285930399,38.42763347023412,22.221048439859878
1998-10-31,5.548139611971759,66.54179397006004,46.29001511397044,37.435403628654825,21.740245477681327
1998-11-30,5.333783967046296,66.3473251598278,47.22247239388616,37.31855084177351,21.649471863016288
1998-12-31,5.277643320326329,67.43480224896118,45.92330179455288,36.074817626571146,21.257104984517706
1999-01-31,5.57263111577804,66.46692510731552,45.43838895140493,36.26966932398223,21.424180006646438
1999-02-28,5.456095500187427,66.30231892216233,46.19959822031704,36.42484541469161,21.501370163856965
1999-03-31,6.3286316244646565,68.29852605925502,46.59121258129233,33.04157819556679,19.517362845398925
1999-04-30,5.357567147973007,64.82441516252298,49.23842791172889,33.26985458884528,19.896621492319756
1999-05-31,5.423447236517978,65.95438883909178,49.62949750812434,33.92519182186243,19.918295242814587
1999-06-30,5.482860561438409,62.419394814127116,48.41136568519424,36.271696269851105,21.51400359873575
1999-07-31,5.681269240812981,62.19818471785955,48.94284309833352,34.256102547045096,20.378442804465518
1999-08-31,5.574931569895688,61.372282521385166,50.175693338790126,33.60997381791571,20.19006700528529
1999-09-30,5.4315688266962425,62.10970747391751,49.00442707805415,35.328526000244295,20.840713354341023
1999-10-31,5.7533327162892975,61.57967430661405,48.01905173184534,36.39452283482546,21.661913520962926
1999-11-30,5.420820361417498,61.967538634034334,46.910860398834785,37.964938709686706,22.8682964415814
1999-12-31,6.6078213826546826,64.77600808931415,45.66010092903614,36.53851584699787,22.03301855494552
2000-01-31,7.479442450844973,61.046060217319656,46.0992228105589,35.50004576022287,21.605706438593778
2000-02-29,7.1356667300667755,61.66481071222921,46.49585791946308,36.75398592578035,22.193849732336695
2000-03-31,6.2744527341938054,60.41120550366742,45.28503022652492,38.532223910437054,23.14739073199628
2000-04-30,6.624631983888516,60.659039200286436,44.97810962161651,37.00670013953832,22.47730173353001
2000-05-31,5.838865688146442,60.55343133867566,45.18562406121428,37.20904732950946,22.972556444074872
2000-06-30,5.901904725515761,61.093203601539095,45.345889422917416,37.44259523684777,22.901778612259744
2000-07-31,5.867657613932151,61.697582001709804,47.09908147926851,37.606002306779175,22.867535578006123
2000-08-31,5.724830199489394,62.12396886560943,48.07355848868399,37.53162835436314,22.471589666537316
2000-09-30,5.697916384127723,62.87713180816089,48.21970129234609,36.76662199604832,21.902722152956546
2000-10-31,5.614229343576871,64.7861108320205,48.31507525112005,37.99589319178875,22.464318918338442
2000-11-30,5.664121877917943,64.15375888121527,47.70051162668592,38.26211199680009,22.756505786292966
2000-12-31,7.046563954515303,64.27516293885179,45.71454926205654,37.767041420764016,22.327481126190175
2001-01-31,8.82146697697537,62.87002340635567,45.01673181033738,35.852790401496556,21.61060445453987
2001-02-28,7.793851534865083,63.36639434408019,45.37900298964115,35.81198722615875,21.685841654737676
2001-03-31,6.400744809906097,62.647573825641146,44.44990474174074,35.847999538789686,21.974507485942727
2001-04-30,6.291371404620652,62.9185079885465,44.29941644235817,35.98519619886219,22.19460780684987
2001-05-31,5.645197454654547,62.979998334068675,45.09722681104633,35.24794055754007,21.823690975340977
2001-06-30,6.19577904993391,63.49812062943716,45.53133079307726,35.45866520765052,21.52023746362812
2001-07-31,5.656277187985178,64.61512309747627,46.36466328753961,34.63758684749565,21.17170552091791
2001-08-31,5.515009430169813,64.90187618249077,46.36104202550964,35.10514844498055,21.274717409288506
2001-09-30,5.483539916763127,65.07513630506448,47.35351054986274,35.347510541251786,21.445498338666038
2001-10-31,5.541225547491246,64.96850462882503,46.59626352398745,35.7093233100236,21.712720654866576
2001-11-30,6.308342825526501,64.16837908956887,46.47673814139202,36.22445546782706,22.07063838176312
2001-12-31,6.576263257780171,64.33196097132695,45.62227589069499,34.171608992118315,21.032484684721766
2002-01-31,6.704475565970889,64.05953273401248,45.21479099985328,33.01239792954339,20.640478373834338
2002-02-28,8.496328423479563,63.83869229819395,43.36351720048278,34.08704139917829,21.33259584426964
2002-03-31,7.652734448161729,63.997519448641036,43.586989479227356,34.78280909163819,21.636742922271754
2002-04-30,7.391887212969897,64.77747167807891,42.49199244500018,34.19161549097189,21.370997130598603
2002-05-31,6.06767124682101,65.24861979684013,44.50764583131526,34.278528658938036,21.257618613826324
2002-06-30,6.032856789953856,67.97054947373753,44.89074887770612,34.39941985753928,20.952523539043234
2002-07-31,6.427403600816244,67.32534809982432,44.69503499392503,32.93425114051971,20.40632069802481
2002-08-31,6.318862881998252,67.20415141545195,44.70979743190288,33.34995003094402,20.673730787283368
2002-09-30,5.960106961357615,66.78696598333379,43.049055604514294,33.76310123042207,21.19053156515617
2002-10-31,5.904869968899814,64.76199021789897,42.33445159539565,29.943653428870782,19.54651952658086
2002-11-30,6.148185112511123,65.26138508006505,42.67380925220415,31.05490620389017,20.097557714155812
2002-12-31,8.477432450637396,60.91803880979363,42.47543340573571,28.26151816307782,18.78843512189458
2003-01-31,7.239950917788031,63.203935019105586,43.9390252680661,26.900620782768982,17.844661454201933
2003-02-28,7.027377067759144,58.407274442669554,48.50602676241094,27.644125877028795,18.31820098763811
2003-03-31,6.5130488265960444,58.72681599625227,49.17531620961645,28.04412868118743,18.422720177711998
2003-04-30,6.5604671607867395,59.07566802846912,49.65709292505958,26.110307029842172,17.274184826051012
2003-05-31,5.75713188869474,59.25546593988179,49.985033110102435,25.904926973389475,17.22884673241847
2003-06-30,5.924434592429925,60.01211386430321,50.712278820332266,24.77527504355575,16.490862668939936
2003-07-31,5.964069963459232,61.32997067678298,49.599591070222985,25.185112969357785,16.77991087645564
2003-08-31,5.8871592558334,62.34920074834738,49.74058939340639,24.894484118899957,16.43162865442557
2003-09-30,5.692276602076059,62.86000260971997,49.77136532862502,24.67828295551723,16.17641478312945
2003-10-31,6.0350804367085145,64.36349212095975,50.10880780817,23.38555118383023,15.313062426308843
2003-11-30,6.613957635961337,64.82491628145729,49.97129828574295,22.553598179359252,14.728736835289503
2003-12-31,7.372440250337081,63.17671518181982,48.7725314028184,22.419244819786552,14.871747617164177
2004-01-31,6.636265021287029,64.65677409596971,49.190762137926555,22.76299151135721,14.929337173563237
2004-02-29,6.059672536934204,63.40616115475042,48.98594628130362,23.42646699009996,15.512138563339029
2004-03-31,5.634473594364366,63.7219511166792,48.93173286494609,24.333212665922236,15.907092567339081
2004-04-30,5.575839280669846,65.92205183447084,47.417424371609265,24.64532196525526,16.190334240255076
2004-05-31,5.679549145059845,68.53058311539088,46.7866925991078,23.263772485862418,15.181342830029218
2004-06-30,5.706177619356593,68.33332429245627,45.836765156446155,22.856201643355114,15.123010286316777
2004-07-31,5.704894638336232,69.11957482600214,44.134429829585585,21.618586979010914,14.477121224445494
2004-08-31,5.80352159364888,70.36683498115171,44.12141440558979,21.920502123231408,14.471925263845572
2004-09-30,5.574095829215427,72.69118660587966,44.36592553616859,22.46591473057455,14.662490258867052
2004-10-31,7.547875348117369,82.96459789785557,45.36485372544023,23.377906060461502,13.838644705247638
2004-11-30,7.092136908176245,71.71041651841594,41.22871974191361,21.531402588118524,14.27318039985796
2004-12-31,7.355423337922986,72.0787160920709,40.30159823148177,21.306735267816105,14.159414840239098
2005-01-31,7.296876912983253,73.1277559610318,40.036848308194394,20.438691239155727,13.65319024181881
2005-02-28,5.9214034056508185,74.8915509042592,39.976535571015866,21.042296044321652,13.917043945905958
2005-03-31,6.736085870119463,74.9606664895922,38.9103285719346,19.952530605835154,13.270146499684191
2005-04-30,7.861910437108922,75.4402169483833,37.11347889380846,20.082297160170377,13.44535458914436
2005-05-31,7.755989150464633,77.05576668596063,37.008234287673304,19.20258854221998,12.751040716350767
2005-06-30,6.5846975500045355,79.49541139186762,37.75463354026537,17.61650277506694,11.717188302635567
2005-07-31,6.588359515272424,81.19419854001141,35.48080673837731,19.012701324681228,12.553640510672448
2005-08-31,6.900958750180464,83.48924068514505,35.41947886760304,18.332032386343528,11.966992657740978
2005-09-30,6.3718240139943445,85.71854688296025,34.66720701837034,18.951797024837365,12.306901574919987
2005-10-31,7.310421944096669,87.5124811060125,34.64197130784911,17.660695357588725,11.359776529737902
2005-11-30,6.300579764647369,87.95529168458789,33.80989174291211,16.7361036004246,10.78370968233461
2005-12-31,6.675204884669596,89.13545671128891,32.46299964956235,18.695018940369255,12.044895037046647
2006-01-31,6.25387873011825,89.26328925765719,32.71100350155745,17.952097835792955,11.542047099430137
2006-02-28,7.040021343698304,88.74738593794926,32.24222599466424,17.920535815295384,11.427662693950365
2006-03-31,9.645128669197407,85.31115989793705,29.911767985465147,18.325487713535857,12.053597394643043
2006-04-30,9.846281020123397,84.62313860740728,28.559718700408677,20.754634488805067,13.404352059968181
2006-05-31,9.634530792882051,84.95475406509232,28.542264798044737,20.80078293670935,13.535834752090356
2006-06-30,7.423795615304512,84.81363682584079,27.792299041605805,22.637917922588315,14.87744566002437
2006-07-31,6.620282296605278,85.27958883876032,27.285073350068018,23.10531338834193,15.233741232938556
2006-08-31,5.682511886737536,83.90050618007851,26.81458768852561,23.638211297680893,15.7804795702668
2006-09-30,6.1480666945148945,83.37368915695804,26.32718504522129,23.36793755315836,15.76122753012587
2006-10-31,6.7158961275153795,85.19792361665363,26.80759881146909,22.11419757538124,14.749352543400121
2006-11-30,6.5373005713300865,82.9134094591742,26.430736674474208,22.318114956021557,14.997927896493806
2006-12-31,8.809756293097657,80.55239509414591,25.228476828543627,21.964151686588373,15.073461004838142
2007-01-31,8.150611315525762,79.21591536511848,25.37078684753245,24.211327807108237,16.520283686718397
2007-02-28,9.141610685391019,80.13781125078097,25.83833372130273,24.55633036057361,16.511548866509887
2007-03-31,11.086459831951093,78.75390921469028,25.06932764002619,23.275027949230758,15.885618578676159
2007-04-30,11.075115610730556,78.20320065765223,24.744864873858937,23.865942206826787,16.34944190784174
2007-05-31,12.565363011094732,80.38027731047234,24.45828666669352,22.174057179469997,15.156374816905041
2007-06-30,10.562126714565895,79.65408502504306,23.988986305827087,24.056357805962282,16.506139787550143
2007-07-31,12.647020669092868,79.23859774791619,23.196816514376103,23.050765439789707,15.829012299678444
2007-08-31,9.159323901588165,80.045236053915,22.710425163528193,25.264946204356097,17.33378436989078
2007-09-30,10.411985081867076,81.21445168435754,23.07105131552448,24.061033911099276,16.280785577290832
2007-10-31,13.476863728270516,81.64599889386363,22.87387955407229,24.322894005261542,16.178546732657853
2007-11-30,15.242443926458954,81.28922540496661,21.808319168265285,23.026865598862027,15.257922529865182
2007-12-31,15.13648009132122,80.5338734924921,22.975678476763772,20.585217915426803,13.737837295090701
2008-01-31,15.272133794152287,79.8987376698594,19.590254367895128,19.901740152107518,13.072782748715403
2008-02-29,17.52499052493543,80.36000127388985,18.665360778897085,17.975815163860904,11.840438198496443
2008-03-31,14.545766440862673,82.18640902851568,18.842093496617267,18.46688821914548,11.986807386322477
2008-04-30,12.919915732345263,86.19377371266569,18.457489425073902,19.337214184723106,12.388505270784005
2008-05-31,12.193623895250344,87.48362675386726,18.040929905792268,19.729749690135755,12.627423400893868
2008-06-30,12.723963960387508,88.14662496759925,17.774644078046368,19.551558913082186,12.520061856887976
2008-07-31,12.240873486298065,88.14183929322985,16.775552706565488,19.024644410323795,12.21980186889054
2008-08-31,11.149921263434834,87.90246854061307,16.730377127626717,18.37622910904565,11.81688166340961
2008-09-30,10.820986073018059,90.5773894600873,16.973673718267715,17.676897478163323,11.193463699838691
2008-10-31,7.994001795537124,90.04017995594809,16.90966069617755,19.716169635008583,12.51607372365532
2008-11-30,10.136135198749033,88.8914662519702,15.915030470648395,19.336491206309258,12.349829923892536
2008-12-31,11.484341007167982,86.81494869524603,14.508830213893798,18.199167542055612,11.824453443845812
2009-01-31,15.29953129795521,86.27208933597093,13.68694090527523,18.6097057374218,11.936719950140908
2009-02-28,15.325768372201804,83.71949403378974,13.29195021347972,18.829363339759382,12.369891972861852
2009-03-31,15.615267278409817,82.48485844316353,12.796851957496152,18.324743424964606,12.218198496731137
2009-04-30,16.581394035952997,81.34048066512388,12.484829281597255,18.828539700398768,12.553160767888894
2009-05-31,16.34245763099188,80.32754154498532,12.60266218552401,19.928601010092887,13.346363205244527
2009-06-30,14.05079854065853,79.50877286195497,12.227478274105598,19.518087710465693,13.37182635170954
2009-07-31,15.015107823668316,78.71962976928201,12.034981302624361,19.99499135749573,13.806929775574183
2009-08-31,14.092390902197291,81.6744943262953,11.863373749026556,20.25726976112038,13.679073522411562
2009-09-30,14.377142418562677,81.89264293784746,11.725854083893458,20.572667661391307,13.878285627554698
2009-10-31,16.3457236178104,81.58237443101932,11.531708638652791,20.909987372644256,14.235864684568112
2009-11-30,17.102889339358367,80.51856670451075,11.36763253591027,21.908957115604053,14.681269495595414
2009-12-31,17.023879993080207,78.06476142860606,11.03893331680964,22.42503631631175,15.392598378104394
2010-01-31,17.58883690398569,80.20226239416964,11.038171404634117,20.488404508321093,13.86790078854711
2010-02-28,16.117088176473793,80.55252727680991,10.886706191273715,22.168495377724547,14.868347997456773
2010-03-31,14.290974450078556,81.00006572040121,10.839114428911262,22.48061111310044,15.026395490420146
2010-04-30,14.815012573640063,82.3183197028133,10.538210987590192,23.674707622303373,15.60795792268924
2010-05-31,14.616078401228622,81.74189442597644,10.441730995494684,22.582047962595006,15.128721059483006
2010-06-30,14.573795213527275,80.6177438346875,10.235534350777263,22.546459297702032,15.390356370759555
2010-07-31,13.196175622131612,81.09819743904293,9.983223430322932,21.448356643003624,14.789139138771128
2010-08-31,12.58241078343757,82.82173109326916,9.993084075488532,21.25733383051682,14.484030410569371
2010-09-30,13.758013448391914,80.92048307055298,10.160476666586742,21.060505309023863,14.622852068068381
2010-10-31,14.239524325565348,82.29988855087323,10.095154324070872,20.11902336947535,13.830609184461673
2010-11-30,15.906255834099195,80.45632513995116,9.761331867095244,20.51997690392906,14.121404031795048
2010-12-31,16.1763358946792,78.76892675134273,9.564896720956712,19.609746660045506,13.645945409275223
2011-01-31,14.065935321802714,78.45432995663386,8.890419620628409,20.978463771012237,14.586207084483666
2011-02-28,14.524235513385117,78.49531889217248,8.747128899838678,21.61713834032707,15.096370639012092
2011-03-31,16.417222153834935,76.05054564342137,8.247590109528225,21.218715132668073,14.985549379267477
2011-04-30,16.476433511943263,74.82875421506988,7.601247044659831,20.144022298486387,14.286928852968941
2011-05-31,13.58119373622389,75.78747490224285,7.50415386642541,19.718356249129954,14.00095892526425
2011-06-30,14.247024630343791,76.95568546007702,7.480398393563514,19.683129265105578,13.816835620928975
2011-07-31,13.101252651876722,77.73364591927333,7.293243525796049,19.784065207468,13.958440499490226
2011-08-31,12.294862459750835,78.88756190415401,7.315199350649151,19.51006781200597,13.640808830557742
2011-09-30,12.466297151442074,78.37942902371016,7.3449507394849,20.195023713839642,14.228537553295173
2011-10-31,12.886203766801534,78.27998485863961,7.299922817912728,20.89573797314917,14.69298527420089
2011-11-30,13.234939003534713,78.87070840020493,7.273667922791757,20.545439102032645,14.50829105189948
2011-12-31,16.383670369400722,77.09822474371873,7.115031274510053,19.778918211585445,14.117404833413161
2012-01-31,16.02410643580703,77.07477801257106,7.534544463663874,20.50833695695339,14.544817855334188
2012-02-29,15.481511024640495,77.46365473595797,7.797825959104299,20.792668885259484,14.57331425651716
2012-03-31,14.85565659757799,77.37941962099636,7.7624028224789905,20.312094358070677,14.572208909965909
2012-04-30,14.86904896944639,77.88218771118342,7.776030012991408,19.85615121152204,14.284819833554078
2012-05-31,13.125746376111024,79.41298385764128,8.292401002773016,20.463202557395764,14.560195700544467
2012-06-30,12.243989636608369,79.97151723563287,7.9629022947980825,20.890000915727608,14.904097482120001
2012-07-31,13.064855554167004,81.3685560898001,7.73035771020468,20.183382879027675,14.327291736341957
2012-08-31,13.394025315884619,81.96285448296983,7.511743235483374,20.362067448008844,14.443269894012307
2012-09-30,13.604074066864303,81.28239579012389,7.505460583440189,20.102831466977747,14.348504222930147
2012-10-31,16.389542441973067,80.54973147899224,6.948210633115612,18.800839385714156,13.44208258950012
2012-11-30,14.095272289764054,82.16726948756234,6.946380842741129,18.788785978168345,13.375810722218667
2012-12-31,17.482368201792493,79.02371343681426,6.456856348558141,17.421105618804834,12.620961213247941
2013-01-31,16.351287047667434,79.82785973081559,6.500738214408646,17.473362181013684,12.637316064976027
2013-02-28,13.91051231128382,80.68573678093817,6.715685016505506,17.703159024957806,12.712193175136004
2013-03-31,14.270185914388989,80.04658135273323,6.9482919132637395,17.003750175236032,12.31939250584869
2013-04-30,14.371071602798787,79.96628461725722,6.586547093860896,16.11506659767016,11.751198310859115
2013-05-31,13.37017410877516,80.13919926805683,6.523185069989874,16.54277819510062,12.09467606735081
2013-06-30,12.02683537084344,81.50556313847504,6.57424573360095,16.607609579023443,12.136397006308888
2013-07-31,11.499071201293019,82.22199777802031,6.506253182103558,16.520096171487,12.028596419685705
2013-08-31,12.628619636045316,82.97860183947166,6.482466141405571,16.04283616461796,11.642862448482317
2013-09-30,12.411033396081262,82.2233741683379,6.360921827724172,16.362742583868123,11.945289163262359
2013-10-31,11.87221973775004,82.80417787969337,6.947921865012045,16.430446694158235,11.926964042783293
2013-11-30,13.682323790529088,82.06448840025949,6.843877758856951,16.268042834579866,11.801213305307625
2013-12-31,14.50885924897159,79.91788132941845,6.636935672964943,15.623134387017911,11.527183762077474
2014-01-31,14.820967752300596,79.11252593807579,6.680442451812343,16.02347058683979,11.814694998059078
2014-02-28,13.55447174926487,79.72694743113188,6.679695574193431,16.056936037982172,11.77356153760823
2014-03-31,13.92913198910897,79.07862713801175,6.440204821604232,16.016860484177016,11.805480397907084
2014-04-30,12.677400212833803,79.16326294996378,6.566716580279454,15.165472946396921,11.184093047292523
2014-05-31,12.85380673839632,79.97419254380533,6.488814800261193,15.121427457995315,11.083440787161194
2014-06-30,11.662318660740075,81.16320708183522,6.609524368116027,15.466585389751843,11.34983900165733
2014-07-31,13.212998450839212,80.07950550769381,6.078965684493678,15.643590565639004,11.578252085929583
2014-08-31,12.42078893032992,80.95965119902905,6.396012046206888,15.14045273425154,11.113962548493394
2014-09-30,11.53809574631913,82.10578035730484,6.146090731111572,15.111351008428766,11.115559602697227
2014-10-31,11.547800638406622,83.26494465813691,6.289760393312211,15.15241635902848,11.06143305522874
2014-11-30,11.622339993703944,81.97942500879326,6.1508295261868815,16.11310808080019,11.825723931747554
2014-12-31,13.781437612666458,79.99809815140618,6.255583327263336,16.22817124374702,11.917714056149842
2015-01-31,12.610852634306799,82.37622838573434,6.1989356615804505,16.526066804143415,11.98704333298369
2015-02-28,13.872557122549134,80.12890204629961,6.065890133314119,16.785795703039565,12.31536487775112
2015-03-31,11.81058076782106,79.76696062111348,6.101905404696454,17.520393095068425,12.968156844436887
2015-04-30,10.85743301598152,79.68486179859259,6.062372761347009,17.43102696174404,13.010472565792346
2015-05-31,12.042708989339395,79.6813880623303,5.943003153171354,17.045556941935665,12.710025114280675
2015-06-30,11.110237428296914,81.21004199080866,5.69323032603901,17.97301283571341,13.324459939998007
2015-07-31,10.729246466267973,82.46180701449444,5.564073028716167,18.254851428017055,13.475323380432666
2015-08-31,10.690542352950928,82.52950838822585,6.52108413700325,18.611134964273255,13.638598699882753
2015-09-30,12.342266599709646,81.39452671497892,6.36316902544353,18.236687620756843,13.509899877462944
2015-10-31,10.148559320358238,84.60486119428495,6.871647146238644,17.91139710703726,13.14167690681543
2015-11-30,11.033545710648806,84.236504626075,7.338475576862141,18.18868787285653,13.229207800857909
2015-12-31,9.150589826100575,85.63890452638941,7.738825042082237,19.950264025859983,14.445903998054547
2016-01-31,9.483444798979356,86.88088502787008,7.760759463164299,19.3320332068184,13.966872288975807
2016-02-29,8.77537135305182,88.92414561265042,8.815718690897608,18.32528202213141,13.090562879515517
2016-03-31,9.81046300064653,88.29247896462914,9.993850721984893,17.713889910745788,12.759193782728989
2016-04-30,9.702627035062308,89.17511968104131,11.709277623443398,16.58497754037553,11.930998731627144
2016-05-31,9.415151306811003,90.28558287979686,12.726495774816005,16.975619177455627,11.987104476454146
2016-06-30,10.461416268647136,90.65277191246676,12.957975706030602,16.08626112952231,11.28669757499902
2016-07-31,10.411973471899195,91.03387834855582,13.735715423476847,15.813116973905393,11.171863885725072
2016-08-31,11.182991788827813,91.27515998709205,14.092356101458023,14.745379953971577,10.409668144155702
2016-09-30,11.524420538729805,90.90785077752435,14.241462324129333,15.942883691763946,11.142422623613744
2016-10-31,12.398077030398081,89.43724806963819,14.407244381827525,15.274240720153953,10.761975368180702
2016-11-30,14.122764518655895,87.8433933963727,14.332587736500656,15.304662493764082,10.783694867001275
2016-12-31,14.724559701620658,87.02181658398366,14.346038126213834,14.350909280758994,10.21543897399502
2017-01-31,15.042056840453066,88.15879448100256,13.981274996017017,14.326466867407078,10.152806514914278
2017-02-28,14.938559158940858,89.04584964303614,14.197256341024517,14.153354009896907,9.975465643520852
2017-03-31,15.235484023938323,87.98395471716036,14.250084416229654,14.75788975862104,10.404139329770892
2017-04-30,14.636093675817843,88.04022372719807,15.392942635530439,14.925172647530452,10.435283942386885
2017-05-31,13.005347793096158,88.84884462651316,15.787457254701101,15.45802457980325,10.813292248225356
2017-06-30,14.477584535541693,86.76724272003365,15.433695266314679,15.118371995544644,10.707814304054114
2017-07-31,13.912748241875711,86.83734306757141,16.65365942060629,14.6887658396501,10.40915044191052
2017-08-31,12.394376172833855,87.73078083491716,17.42346252048158,14.837495238425804,10.465934443913815
2017-09-30,11.55957034312752,88.3086768518378,17.893919982985135,15.556593840717289,10.854207243769212
2017-10-31,10.883599367855686,88.6338069431896,18.526801596388133,15.386533697063328,10.81509534922665
2017-11-30,12.586261233763366,88.32452523599136,18.932529318929376,15.158035060138445,10.614165791974726
2017-12-31,14.897432139370775,86.04426202525049,18.88208604593224,16.05045654606744,11.149987100004727
2018-01-31,14.793006364088946,86.06835302453123,19.289610262816286,14.738832108890474,10.354664781595192
2018-02-28,13.933028755742793,86.7611664123731,19.826511792347066,14.513800849906291,10.21714388006148
2018-03-31,13.29748577002518,87.79191725339321,20.060276651881132,13.990634739951224,9.824437607641253
2018-04-30,12.158214948608052,88.91801304147296,19.982227670266838,13.941259009163831,9.732372941008347
2018-05-31,10.940412333022435,89.43852962926397,20.82321227456509,14.288485737519697,9.931842824039029
2018-06-30,11.821289447444357,88.34884704809261,20.63431133382368,14.66949318007143,10.170320009199632
2018-07-31,12.094095621285295,89.0096990679938,20.91689089754125,14.154071711499098,9.859615670121476
2018-08-31,11.164297613381267,89.42029484463215,21.220917226578404,13.364320015339398,9.349964495391218
2018-09-30,11.568018640975698,87.55264129983557,21.22552993905481,14.52697395541403,10.14686432693236
2018-10-31,11.27616839569368,89.03003229213334,21.79280325458708,14.691590738904143,10.174455860312326
2018-11-30,11.429398117220128,88.82641628833909,21.779938191129183,14.536872000872542,10.075001760896823
2018-12-31,13.316642042223073,86.36037393273023,21.44706756992532,13.853024783230754,9.667139175997928
2019-01-31,12.274542248751283,87.49758887720732,22.781977053302573,13.668832313651075,9.506717879539286
2019-02-28,11.113876037616194,88.07596382804695,23.55156032945628,13.303790713192203,9.23068827946979
2019-03-31,11.093769524497459,88.83712392016713,23.897305734474394,13.435911905191725,9.213669514632654
2019-04-30,10.997161621318146,88.25067313384058,24.232683221691246,13.148272673412551,9.079781834471678
2019-05-31,11.533014026059387,88.10786331177546,24.128064791606807,12.462651470854832,8.586339099301652
2019-06-30,11.687098838819757,87.32764790608496,24.080640099631243,13.163307124914065,9.015618865591302
2019-07-31,11.299994750995396,88.39658178367631,24.93499987204211,13.278285186355687,9.043712121600096
2019-08-31,11.120763028004776,87.19991452688397,24.77704882685306,14.889134523537454,10.104420116159654
2019-09-30,10.753722298060692,88.2170309986344,25.12632272138124,13.994522344877064,9.487903239572624
2019-10-31,10.062828114231364,87.97821050565841,25.33832078546252,13.932384627102126,9.487318368962312
2019-11-30,11.747204811456392,88.42155337960665,25.340116904446514,14.106362105723527,9.463415875546197
2019-12-31,13.328400642315305,86.11006904019139,24.795291783349054,13.565266999262002,9.259501463409627
2020-01-31,11.734526349504781,89.00582169044404,25.29037862604447,13.691780641269352,9.178602872926616
2020-02-29,11.525218576476439,89.64945606052761,25.745674962323495,13.597200853515465,9.028068906023092
2020-03-31,10.100398690178098,90.2009149404387,25.82198583623495,14.197080952592772,9.435529699171072
2020-04-30,10.310876136163827,90.06781157168501,25.88551531316941,14.462703422125761,9.642350681213815
2020-05-31,11.516419509652446,88.56061114352671,25.84120872298256,15.857157195596724,10.513878493415563
2020-06-30,12.61497545216151,90.71885614202432,26.614850512462386,15.17804560345505,9.877691706096446
2020-07-31,11.759429338261967,91.72316475842156,27.141327370119505,15.04048360658581,9.762670115915215
2020-08-31,12.114949516730068,91.08644954464502,27.115254518530513,13.947223678269605,9.122565437438913
2020-09-30,12.705244032625854,91.63832385038361,26.32201640634721,14.067904788062924,9.18946915817076
2020-10-31,14.153224829872151,91.39141215274071,26.421786314878727,13.227562985126148,8.60091270118569
2020-11-30,15.042920280073208,90.74487054761146,26.231132439707615,12.860802003313168,8.381275935632745
2020-12-31,14.831682694471048,90.70792629292767,26.63570330284343,12.870114693393855,8.392471683889852
