date,due_from_banks_abroad_mn_sar,due_from_branches_abroad_mn_sar,investments_abroad_mn_sar,other_assets_mn_sar,total_foreign_assets_mn_sar,due_to_foreign_banks_mn_sar,due_to_branches_abroad_mn_sar,due_to_others_mn_sar
1993-12-31,48510.28599999999,9128.612000000001,42916.941,11030.375,111586.21399999999,16645.961,17332.508,3313.624
1994-12-31,38631.763999999996,7248.873,42706.528000000006,9560.183000000003,98147.34800000001,16261.58,16044.893,6843.965000000001
1995-12-31,48914.657,7536.656999999999,33170.386,8349.122,97970.822,15588.144999999999,17814.112999999998,6275.5960000000005
1996-12-31,54612.223,7353.027,34149.135,10056.954999999998,106171.34000000001,14340.683,17404.211,6908.388999999999
1997-12-31,50165.177,6502.833,32989.79,9856.824,99514.62400000001,15585.813,21486.672,8971.414999999999
1998-12-31,42308.319,6760.705,24378.042,12496.599,85943.66500000001,14921.461999999998,23224.75,4958.763
1999-12-31,38514.434,10129.706,29015.967,13827.085,91487.19200000001,23697.924,21741.408,5713.52
2000-12-31,42241.92800000001,7399.793000000001,38232.569,13329.995,101204.285,26865.107,28587.619,8991.037
2001-12-31,42310.898,8096.860999999999,31061.391000000003,17894.866,99364.016,26290.79,27763.299,5559.936
2002-12-31,30454.133000000005,13157.217,34979.171,16899.314,95489.835,27643.971999999998,9412.015,5942.879
2003-12-31,21572.845,10805.312000000002,34765.231,13938.528999999999,81081.917,25923.681,8760.492,5379.237
2004-12-31,25220.553,17084.155,38919.695999999996,11573.839,92798.24299999999,29976.720999999998,9674.257000000001,6096.691000000001
2005-12-31,26850.424,17333.028,38281.519,8964.869,91429.84,31567.962,18053.383,15418.381000000001
2006-12-31,51393.92600000001,17961.568,52334.16499999999,8106.1669999999995,129795.826,22158.214,8789.053,28251.272
2007-12-31,28859.015999999996,22546.894,81484.72700000001,14821.438,147712.075,64239.6,14417.788,26555.305000000004
2008-12-31,27231.436,41780.28,64885.792,20088.957000000002,153986.465,45354.524999999994,29446.734,37664.726
2009-12-31,41200.628000000004,39433.994,112336.879,17946.826,210918.327,41761.42799999999,25311.466999999997,32610.058999999997
2010-12-31,34627.337,28270.138000000003,113710.87299999999,16518.231,193126.579,53867.337,10235.866999999998,30602.541
2011-12-31,44142.577,38001.744,123413.988,15895.146,221453.455,53682.05,8023.295,19857.965
2012-12-31,36033.621999999996,51471.309,119644.078,14961.86,222110.869,51836.245,10914.24,25361.623
2013-12-31,26123.729,57159.547,126037.438,12204.459,221525.173,48796.873,11669.776,23355.398
2014-12-31,39877.178,44668.296,161230.507,11949.942,257725.923,57042.015,25222.789,22854.271
2015-12-31,85318.87700000001,47921.606,175188.119,14185.177,322613.779,49985.119999999995,24490.933,25510.518
2016-12-31,58232.58009965001,33369.3377539828,129204.57741559,13025.0127015,233831.5079707228,50931.9152138629,21712.2259150047,23456.941302910003
2017-12-31,53365.890436179994,70368.859579218,114488.36040207,23900.91157182,262124.02198928798,57717.12406931999,44121.89404034,17347.07130152
2018-12-31,66194.54915126,39941.79408805,98752.768,26943.04913024,231832.16036955002,60781.460105980004,32082.215335549998,18069.591
2019-12-31,47537.59501915,63226.789855619994,97611.725,35253.261663560006,243629.37153833002,102350.20176253999,38704.54064435,32100.09591828
2020-12-31,47754.577877735996,56850.521771399,106799.963,38659.143104122995,250064.205753258,94708.78071282999,43733.05991302,43624.181877368
2021-12-31,60240.587657619995,60523.835756140004,96433.897,38373.97213122,255572.29254497998,129510.71107179,51634.48609788,44581.544
2022-12-31,59663.903461960006,57462.5210971,117479.33940427001,52284.090196,286889.85415933,107845.62164199998,42325.849494999995,52358.343387999994
2023-12-31,45497.6172995525,72130.96949062,151460.29840380998,48492.091678070006,317580.97687205253,167189.53087434004,40258.863443680006,67255.05835388
2024-12-31,48440.52822843791,78922.51153751001,189266.34311480998,59979.84916622999,376609.2320469879,242539.22083196,71268.3187513875,97032.56688018999
2025-12-31,50086.374519071294,79401.20084758,214667.56498075,73865.1457399684,418020.28608736966,284679.91363952,90312.68289632,247816.52873750593
1993-01-31,55053.732,5401.049,36858.176999999996,10812.396,108125.35399999999,9653.406,21662.169,1549.441
1993-02-28,62872.174999999996,4996.771,37915.169,11454.9,117239.01499999998,13149.329,21668.254,3229.554
1993-03-31,61074.26799999999,4563.188,38414.32,11672.676,115724.45199999999,15107.354999999998,23318.826,3637.9329999999995
1993-04-30,58684.513999999996,4611.0689999999995,39772.249,11755.875999999998,114823.708,13656.483,28453.308000000005,4450.958
1993-05-31,59756.91,4234.879,41382.076,12318.823,117692.68800000001,15478.600000000002,27830.224000000002,3858.6859999999997
1993-06-30,61483.451000000015,4737.977,41427.474,13263.773999999998,120912.676,16963.177000000003,26853.859,3808.768
1993-07-31,55967.01000000001,4319.643,40789.304000000004,13863.573,114939.53000000001,16989.444000000003,25131.014000000003,3269.451
1993-08-31,59940.704,9782.298999999999,40884.264,9434.646,120041.913,19128.774,17039.605,3485.932
1993-09-30,53952.06,10192.29,41668.859,9900.823,115714.032,18102.636,17825.544,2724.829
1993-10-31,49743.609000000004,9634.389000000001,42799.538,11072.270999999999,113249.807,15912.215,16942.391,2763.519
1993-11-30,46834.253,9462.724,43923.818,10896.296,111117.091,15873.819000000001,16511.872,2999.0069999999996
1993-12-31,48510.28599999999,9128.612000000001,42916.941,11030.375,111586.21399999999,16645.961,17332.508,3313.624
1994-01-31,37888.146,4454.063999999999,45195.356,10446.498000000001,97984.064,15582.337000000001,13523.204,5219.514999999999
1994-02-28,37133.546,9666.015000000001,44662.697,11071.756,102534.014,16655.490999999998,13787.078000000001,5299.007
1994-03-31,35636.505999999994,7891.403,45421.868,11115.283000000001,100065.06,18333.896,11350.285,7533.874
1994-04-30,28552.146999999997,8512.786,46306.925,11167.723000000002,94539.581,17614.235999999997,13140.933,6334.586
1994-05-31,28866.107000000007,7770.012,45090.619999999995,10869.037,92595.776,19195.063000000002,11578.76,5647.6990000000005
1994-06-30,30359.152,7108.467000000001,44527.021,10884.227,92878.867,19854.678000000004,11222.528999999999,5497.443
1994-07-31,29203.816000000003,7124.6449999999995,47434.753,7403.176,91166.39000000001,16783.536,12701.696,4747.241
1994-08-31,27489.511000000002,7907.835999999999,45038.07199999999,9529.821000000002,89965.23999999999,17486.153000000002,13070.226999999999,5105.63
1994-09-30,29849.148999999994,7183.342,44746.936,9563.651000000002,91343.078,16168.117,14365.428,5151.063
1994-10-31,31160.252,7318.718,44428.737,9386.827,92294.534,13060.296999999999,16043.059,4570.238
1994-11-30,32796.880000000005,6841.075000000001,43733.577000000005,10040.329,93411.861,16237.847,16690.958,5435.200999999999
1994-12-31,38631.763999999996,7248.873,42706.528000000006,9560.183000000003,98147.34800000001,16261.58,16044.893,6843.965000000001
1995-01-31,38024.21599999999,6792.842,42768.699,9589.532,97175.28899999999,16620.698,18582.478,6020.807
1995-02-28,37673.009,6966.337,43214.299,9375.273,97228.91799999999,19762.300999999996,17369.537,5617.153
1995-03-31,36649.503000000004,7561.224999999999,41063.557,8596.337,93870.622,17634.577999999998,19765.799,5051.749
1995-04-30,39751.567,7840.866999999999,42273.403,8076.588,97942.425,17068.723,21248.336,6611.984
1995-05-31,43465.87099999999,7003.741,42006.619999999995,8145.0869999999995,100621.31899999999,17484.001,21176.836,6870.003000000001
1995-06-30,46026.018000000004,7470.242000000001,40821.015,7028.463,101345.738,18417.480999999996,19277.472999999998,5451.982
1995-07-31,43021.962,8080.939,41422.668000000005,7622.576000000001,100148.145,17010.569,20791.585,6507.906999999999
1995-08-31,48619.748,7849.079999999999,35716.78,7295.929000000001,99481.53700000001,14178.478,19682.259,6688.558000000001
1995-09-30,43576.693,9915.057,35812.845,7640.821,96945.416,15553.978000000001,19174.667999999998,6636.742
1995-10-31,44904.873999999996,7010.107,34319.817,8158.212,94393.01000000001,14622.797999999999,19261.679,6083.311
1995-11-30,47404.93999999999,6515.628000000001,33788.738,8400.481,96109.78699999998,14471.707,20576.379,5726.732000000001
1995-12-31,48914.657,7536.656999999999,33170.386,8349.122,97970.822,15588.144999999999,17814.112999999998,6275.5960000000005
1996-01-31,47970.433000000005,7580.694,33139.118,8097.718,96787.963,14433.744000000002,18170.559999999998,5694.531
1996-02-29,49481.81099999999,8789.357,32907.626000000004,7859.2570000000005,99038.05099999999,14020.559000000001,19976.462,6059.251
1996-03-31,52512.799999999996,7588.834,33137.752,7345.396999999999,100584.783,13728.796,19883.154,5965.924999999999
1996-04-30,50585.064,6442.307000000001,34134.833,7322.644,98484.848,12677.186,21103.653000000002,6539.359999999999
1996-05-31,46636.409,6150.818,34869.903,8084.357,95741.48700000001,12948.176000000001,19580.891,6144.143
1996-06-30,43671.178,6380.963,35431.479999999996,8380.13,93863.751,12617.784000000001,17298.283000000003,6095.35
1996-07-31,44972.798,7239.258000000001,35811.41,7985.199999999999,96008.66600000001,15092.414,18510.527,7094.172
1996-08-31,50414.954,6822.338,35312.805,8536.786,101086.883,13412.496,20869.34,8110.1900000000005
1996-09-30,51892.615,6088.8910000000005,35231.373999999996,9338.955999999998,102551.83600000001,14594.960000000003,23115.581,7531.973999999998
1996-10-31,50299.55799999999,6935.66,33793.815,9274.554,100303.587,11574.895999999999,21354.877,8400.291
1996-11-30,49484.39199999999,6488.8240000000005,34641.042,9680.222,100294.48,11029.617,19056.515,8298.446
1996-12-31,54612.223,7353.027,34149.135,10056.954999999998,106171.34000000001,14340.683,17404.211,6908.388999999999
1997-01-31,51684.53000000001,6750.811,35145.27,9854.92,103435.531,12413.765,17842.672,8365.472
1997-02-28,48632.981999999996,6275.146,35151.891,9638.491,99698.51,13384.981,17621.522,8403.233
1997-03-31,51747.227,6879.0560000000005,36756.629,9801.139,105184.05099999999,17245.663,19173.547,9555.726
1997-04-30,50160.128,6355.065,37329.935000000005,9260.485,103105.613,18078.027,20111.17,9396.072
1997-05-31,44171.265999999996,7502.2029999999995,37210.555,8649.610999999999,97533.63500000001,15780.356,18301.188,9127.983
1997-06-30,45236.458,7140.591999999999,37892.305,8784.537,99053.89199999999,19198.688,18422.474,8787.423
1997-07-31,47989.33299999999,6437.642,30183.066999999995,8551.265000000001,93161.30699999999,14582.041,19487.375999999997,8704.853
1997-08-31,43003.197,6614.939,31677.664,8830.518,90126.318,15210.097999999998,19396.09,9081.07
1997-09-30,47938.774999999994,5368.341,31360.22,8876.130000000001,93543.466,16103.261999999999,17216.581,9823.046
1997-10-31,42452.693,8030.681,32678.896,8800.266000000001,91962.536,14097.996000000001,19835.038,9104.7
1997-11-30,43936.962999999996,5959.7880000000005,33423.346000000005,9366.578000000001,92686.67500000002,15896.110999999999,19214.693,9640.881000000001
1997-12-31,50165.177,6502.833,32989.79,9856.824,99514.62400000001,15585.813,21486.672,8971.414999999999
1998-01-31,48218.717,7265.038,31913.057999999997,9276.732,96673.545,17190.932999999997,21297.781000000003,7581.213
1998-02-28,47850.923,6209.509,33315.873999999996,11369.998,98746.304,15983.987000000001,22054.481,7709.243999999999
1998-03-31,48996.13,6444.054999999999,32098.197999999997,11396.535,98934.918,17882.969,19174.111,8062.249000000001
1998-04-30,44163.46599999999,7152.086,32979.695,11665.916000000003,95961.163,18238.971,19186.542,8121.7919999999995
1998-05-31,42203.38199999999,6781.747,33225.886,11937.395999999999,94148.41099999998,21068.005,20443.558,7670.678000000001
1998-06-30,42983.87000000001,7031.054,31307.335,12279.947999999999,93602.20700000002,18849.821000000004,20701.987,6537.8099999999995
1998-07-31,38814.639,6807.25,30200.612,12006.965999999997,87829.467,21416.226,23091.676,6191.645
1998-08-31,41688.767,6365.515,28045.765,11704.196,87804.24299999999,19878.174,23932.377,6218.88
1998-09-30,44206.416,6324.898,26090.138,12186.669999999998,88808.12199999999,16720.939,24041.269,5756.13
1998-10-31,41094.521,6790.284000000001,26120.159,12314.35,86319.31400000001,17894.68,24271.37,5375.8009999999995
1998-11-30,44029.009,5715.5019999999995,24896.097999999998,11937.030999999999,86577.64,17839.542,24909.802,5627.6230000000005
1998-12-31,42308.319,6760.705,24378.042,12496.599,85943.66500000001,14921.461999999998,23224.75,4958.763
1999-01-31,42678.178,5875.499,24473.263,13233.393000000002,86260.333,15863.631000000001,26397.011,4980.022
1999-02-28,43263.742999999995,6648.7480000000005,24029.413,13263.658,87205.56199999999,17806.962,22016.696,4493.696
1999-03-31,35829.719,6050.936,23688.356,13760.26,79329.271,20804.035,23750.5,4860.1
1999-04-30,37253.362,5994.406,23450.408,13952.244000000002,80650.42000000001,19956.09,23765.817,4738.923000000001
1999-05-31,36500.272000000004,6691.349999999999,24064.828,14262.216000000002,81518.66600000001,21996.584,21742.826,5202.192
1999-06-30,41993.899,6524.192999999999,23937.277000000002,14628.281999999997,87083.651,19152.842,22418.256,5881.271000000001
1999-07-31,37462.768000000004,6729.469,24209.332000000002,13746.177000000003,82147.74600000001,17778.965,20666.411,5374.378000000001
1999-08-31,33809.541,8055.259,25730.610999999997,13630.655999999999,81226.067,18119.229,21765.672,5563.783
1999-09-30,35074.623,9289.256,26962.595,13979.599000000002,85306.073,23148.881,20276.862999999998,6772.897999999999
1999-10-31,37596.767,8018.718,29292.350000000002,14269.094000000001,89176.929,22142.497,24292.354,7179.107
1999-11-30,40572.554,8062.223,31224.954000000005,14084.615,93944.346,25622.237,23255.686,5454.96
1999-12-31,38514.434,10129.706,29015.967,13827.085,91487.19200000001,23697.924,21741.408,5713.52
2000-01-31,36520.277,8357.757,29746.235999999997,15099.021,89723.291,22346.003999999997,20960.902000000002,6332.686
2000-02-29,36505.815,8112.662,31725.667999999998,16095.257000000001,92439.402,23877.204999999998,21933.81,6227.954
2000-03-31,42006.670999999995,7225.9710000000005,32665.22,16831.694,98729.556,28145.617,23452.432,5871.128000000001
2000-04-30,39238.621,6968.416,32621.302000000003,16616.36,95444.699,25273.863,22107.447,6484.034
2000-05-31,43441.965000000004,6982.704,32480.345,13782.31,96687.324,25627.774,20648.514000000003,8484.907
2000-06-30,45256.513999999996,6961.87,33007.629,12965.568000000001,98191.581,27601.591000000004,20548.366,9140.22
2000-07-31,44458.027,7040.402,33218.209,13135.82,97852.45800000001,26554.240999999998,24293.866,8838.043000000001
2000-08-31,43584.308000000005,7579.1410000000005,33298.401,13233.149,97694.99900000001,28064.476000000002,23945.617,9449.007
2000-09-30,42431.135,7394.023,33971.029,12648.671999999999,96444.859,28987.699,22515.61,9179.5
2000-10-31,43275.636,7665.519,34414.657,13343.198999999999,98699.011,28146.454999999998,24081.103,9466.095
2000-11-30,45534.427,7150.307,34881.059,12882.418,100448.21100000001,24367.561,30516.391,8922.527999999998
2000-12-31,42241.92800000001,7399.793000000001,38232.569,13329.995,101204.285,26865.107,28587.619,8991.037
2001-01-31,47085.257000000005,8901.934,28390.497999999992,12734.932999999999,97112.622,24705.216000000004,25537.56,8231.024
2001-02-28,47554.1,8811.516,27997.114999999998,13216.643000000002,97579.37399999998,25956.662,26949.103,6499.789
2001-03-31,47850.33900000001,8128.068,27956.332999999995,14783.408,98718.148,24392.873000000003,26054.541,4579.065
2001-04-30,48886.58500000001,7651.368,27067.082000000002,15764.543,99369.57800000001,20958.006999999998,27086.144999999997,4392.3060000000005
2001-05-31,48250.999,8161.9169999999995,27477.879,14997.93,98888.725,20456.905,26067.448,4833.513
2001-06-30,50484.467000000004,7936.146000000001,26701.25,14574.13,99695.993,22360.586999999996,28306.77,5201.42
2001-07-31,43471.834,7922.574,28461.223,16318.093,96173.724,22412.91,26879.198,4946.423
2001-08-31,43113.395000000004,7995.64,28645.387,18165.401,97919.823,22945.714999999997,27007.462,6367.532999999999
2001-09-30,43483.62299999999,8481.8,28252.027,19040.338,99257.788,23750.773,27439.672,5442.152
2001-10-31,45000.12200000001,8143.833,28598.017,19869.782,101611.75400000002,24913.618,27634.122000000003,5303.294
2001-11-30,47219.196,8932.92,29658.084000000003,18847.228,104657.428,25316.681,30562.516,5004.254000000001
2001-12-31,42310.898,8096.860999999999,31061.391000000003,17894.866,99364.016,26290.79,27763.299,5559.936
2002-01-31,38337.548,8081.382,32475.583,17614.045,96508.55799999999,22556.537,27223.299,5687.838
2002-02-28,39632.035,8265.530999999999,36228.123,17374.427,101500.11600000001,24676.534,28852.382,5584.211
2002-03-31,42816.087999999996,8578.901,36096.924999999996,16272.991999999998,103764.90599999999,28661.167,26306.336,5351.137000000001
2002-04-30,39379.488999999994,8411.697,37862.926999999996,17526.998,103181.11099999999,25954.986,27267.42,5479.493999999999
2002-05-31,39736.457,8693.559000000001,38507.797,17453.504,104391.31700000001,27206.458000000002,28635.869,4654.38
2002-06-30,36570.77,8435.341,40308.077,18302.255,103616.443,32080.855999999996,28269.46,4912.556999999999
2002-07-31,34614.886000000006,7343.873,40479.497,18790.078999999998,101228.335,29318.926,26571.362,5396.55
2002-08-31,36901.225000000006,7206.3859999999995,40516.498,18260.128,102884.237,27522.475000000002,27116.327,6148.406999999999
2002-09-30,38384.496,7084.9619999999995,40382.682,20138.031,105990.171,29765.291999999994,25143.117,4780.0830000000005
2002-10-31,31917.636,7268.561000000001,39242.131,19733.313000000002,98161.641,26825.546000000002,13606.951000000001,5126.794
2002-11-30,34159.844000000005,13335.737,35990.011999999995,18463.367,101948.96,30260.930999999997,11983.481,6537.23
2002-12-31,30454.133000000005,13157.217,34979.171,16899.314,95489.835,27643.971999999998,9412.015,5942.879
2003-01-31,29388.369000000002,12080.891,32100.456000000002,17078.879,90648.595,23783.687,8283.42,5894.19
2003-02-28,27409.918000000005,12552.04,36476.147,17465.427,93903.532,27587.056999999997,8717.48,5399.594
2003-03-31,27948.397000000004,13274.827,34819.829,20241.743,96284.796,26376.691,12394.918999999998,4433.888
2003-04-30,26034.758000000005,9901.350999999999,37353.777,16410.303,89700.18900000001,25685.018,9626.86,4314.105
2003-05-31,28084.53,10114.255000000001,35102.211,16614.876,89915.872,23902.894999999997,10316.249,4618.114
2003-06-30,24018.856000000007,9240.521,36414.48,16733.797000000002,86407.65400000001,22714.722,9669.695,4196.0650000000005
2003-07-31,23423.458999999995,10310.145999999999,35623.12,18749.893,88106.61799999999,26702.145999999997,9258.876,4030.866
2003-08-31,25105.456,10641.771,35546.960999999996,15910.628,87204.81599999999,26727.123000000003,9237.208999999999,4163.4130000000005
2003-09-30,23134.015000000007,12585.06,35115.23,15573.54,86407.845,25616.243000000002,8924.448,4552.168
2003-10-31,19026.747000000003,11613.092999999999,35254.417,15763.818000000001,81658.07500000001,26708.78,9310.118,4799.474
2003-11-30,19197.88,11015.231,33471.005000000005,15146.217,78830.333,27394.548000000003,10250.348,5102.0689999999995
2003-12-31,21572.845,10805.312000000002,34765.231,13938.528999999999,81081.917,25923.681,8760.492,5379.237
2004-01-31,20325.434999999998,12873.89,35555.038,13940.557,82694.92,28564.613999999998,10261.687,5059.351
2004-02-29,23926.925999999996,13748.486,35021.719000000005,14098.483,86795.614,28212.084000000003,9245.591,5026.742
2004-03-31,27507.034,14053.199,36632.241,13931.022,92123.49600000001,28282.816,11284.112000000001,5170.9439999999995
2004-04-30,26947.732999999993,16494.851000000002,36361.431,13512.604000000003,93316.61899999999,28264.701999999997,11763.387999999999,4674.353000000001
2004-05-31,22879.27,14796.309,36441.194,14270.662,88387.43500000001,26900.833,9077.901000000002,4780.997
2004-06-30,21869.39,15853.755,38045.947,13556.953,89326.04500000001,27474.694999999996,9499.707,4670.234
2004-07-31,20103.476000000002,14444.911,36825.426999999996,14118.181,85491.995,25918.217999999997,8851.012,4640.601
2004-08-31,21437.907000000003,15515.321,37280.768000000004,13803.259000000002,88037.255,32367.39,9271.731,7071.446000000001
2004-09-30,24389.042999999998,13796.502999999999,38351.787,13471.081,90008.41399999999,29127.299000000003,8917.423,10055.807
2004-10-31,22148.553,14584.248,42713.174,13642.521999999999,93088.497,25799.98,12561.562,11662.395
2004-11-30,24966.025,15001.077,40857.148,12937.952,93762.20199999999,31049.786,8880.56,5110.679
2004-12-31,25220.553,17084.155,38919.695999999996,11573.839,92798.24299999999,29976.720999999998,9674.257000000001,6096.691000000001
2005-01-31,24461.973,17198.207,35962.75,11735.359,89358.289,31916.062,8988.051,5339.105
2005-02-28,24348.888000000006,17891.841,38583.487,11310.91,92135.12600000002,34916.359,6462.972,5109.353
2005-03-31,20428.77800000001,19057.35,40070.876,10872.953,90429.95700000001,32667.447,7224.718,4387.089
2005-04-30,26821.221999999994,18443.252999999997,36125.669,10688.194,92078.33799999999,30219.215,7479.1089999999995,6706.827
2005-05-31,22924.358999999997,17302.23,37097.19,12248.363,89572.14199999999,28387.828000000005,7813.576999999999,6694.323
2005-06-30,19126.155,16393.301,36179.78599999999,11182.214,82881.45599999999,28038.482000000004,9408.27,9427.485
2005-07-31,23606.958000000002,15889.725999999999,38749.96,11141.23,89387.87400000001,27971.24,11491.548999999999,9604.832999999999
2005-08-31,22905.96,14508.091,37624.257,11206.78,86245.08799999999,30360.592,10448.894,10655.174
2005-09-30,26751.242999999995,15033.803,37846.18,10544.929,90176.155,35560.049,11353.949,10890.98
2005-10-31,20315.102000000006,15085.612000000001,37710.638,10437.701000000001,83549.05300000001,36763.64599999999,9763.541000000001,13321.877
2005-11-30,21523.967000000004,9714.797,38442.117,11062.695,80743.576,34442.59,6063.668,12284.064999999999
2005-12-31,26850.424,17333.028,38281.519,8964.869,91429.84,31567.962,18053.383,15418.381000000001
2006-01-31,26453.828,14251.779999999999,38452.897,9351.345000000001,88509.85,38775.935999999994,13656.76,12682.671999999999
2006-02-28,25109.472,16300.123,39647.943999999996,9043.460000000001,90100.999,36059.361,13791.793999999998,14752.754
2006-03-31,31592.493000000002,16043.154000000002,39674.48,8807.385,96117.512,30180.745000000003,15483.533,16391.798
2006-04-30,40986.683,18097.042,41338.475,8736.682,109158.882,27567.967999999997,22667.749000000003,18932.349000000002
2006-05-31,38541.958999999995,18799.561,43442.223,8652.204,109435.94699999999,27422.572999999997,20385.691,21220.462
2006-06-30,50848.46699999999,18034.136,44804.56,7491.458999999999,121178.62199999999,22972.292999999998,13714.068,21565.359000000004
2006-07-31,49595.846000000005,19632.682,45197.226,9457.734,123883.48800000001,22875.963999999996,9380.33,23935.527
2006-08-31,56782.76100000001,17324.253,47018.888999999996,9125.814,130251.717,21039.061,8886.996,23857.945000000003
2006-09-30,57893.129,16675.131999999998,47240.533,9304.442,131113.236,17983.371,12677.885,24209.402000000002
2006-10-31,47014.348,18900.381999999998,47573.369999999995,8784.882,122272.98199999999,22601.236,13065.438999999998,26428.354
2006-11-30,52090.134999999995,17393.819,48736.306,8802.659,127022.919,18625.958,10428.270999999999,28072.768
2006-12-31,51393.92600000001,17961.568,52334.16499999999,8106.1669999999995,129795.826,22158.214,8789.053,28251.272
2007-01-31,63061.367,18322.403000000002,54014.189,8008.869999999999,143406.829,17096.64,11433.1,28056.888
2007-02-28,56411.477000000006,17154.836000000003,64375.116999999984,7004.036999999998,144945.467,24946.238,12686.155999999999,26047.375
2007-03-31,53208.423999999985,15783.736,66629.079,6904.132000000001,142525.371,27594.294000000005,12534.66,23924.907000000003
2007-04-30,55987.618,18404.978,67546.999,7632.817000000001,149572.412,29199.561,13048.525,24216.679
2007-05-31,49501.191999999995,17739.015,64291.435,7792.9890000000005,139324.631,32912.223999999995,10756.313999999998,23851.905
2007-06-30,58948.16699999999,16999.689,69942.77299999999,8621.877,154512.50599999996,31852.813,8490.499,24531.777
2007-07-31,55491.16,18345.453999999998,69751.54699999999,8423.298,152011.459,36085.899,9910.156,25610.992
2007-08-31,69805.462,18037.376,69091.985,10206.705,167141.528,35158.716,9332.443,24756.159
2007-09-30,56482.021,23339.692000000003,70793.46100000001,11804.035,162419.209,45713.780999999995,12390.776,25439.593
2007-10-31,55261.364,25734.458,72240.47,12087.103,165323.39500000002,60517.789,13585.686,27965.789999999997
2007-11-30,49740.737,22150.536,74940.011,14386.480999999998,161217.76499999998,66752.91500000001,14307.007000000001,29098.547
2007-12-31,28859.015999999996,22546.894,81484.72700000001,14821.438,147712.075,64239.6,14417.788,26555.305000000004
2008-01-31,23477.780999999995,23639.782,84378.271,16515.658000000003,148011.49199999997,76271.897,17017.879,34486.812
2008-02-29,19346.729000000007,22123.303,78615.159,15910.647,135995.83800000002,76554.685,19233.691,33349.616
2008-03-31,28694.239,21909.165,73264.469,16783.754,140651.62699999998,82869.117,21188.639,33966.247
2008-04-30,24710.215,27243.329999999998,76959.717,17039.381999999998,145952.644,80227.544,22782.885000000002,34326.835999999996
2008-05-31,29868.789999999997,29629.101,75240.11799999999,17175.195,151913.204,81911.584,21655.857,34685.411
2008-06-30,32308.746,27745.273999999998,76110.877,16943.206,153108.103,71484.63699999999,21648.193000000003,41428.503
2008-07-31,33108.008,28781.545000000002,73161.744,16855.242,151906.53900000002,85506.533,22133.547,32203.665999999997
2008-08-31,33176.376000000004,28448.538,70038.14800000002,16982.471,148645.53300000002,76110.901,24781.097,32440.508
2008-09-30,27287.199999999997,29912.089999999997,67066.159,17879.203,142144.652,77995.182,28816.783000000003,35288.143000000004
2008-10-31,41009.639,31969.173000000003,68611.977,19928.244,161519.033,59560.87100000001,27689.076,35795.576
2008-11-30,36853.336,33681.688,71143.49,19957.215,161635.72900000002,53866.194,29585.352,38421.591
2008-12-31,27231.436,41780.28,64885.792,20088.957000000002,153986.465,45354.524999999994,29446.734,37664.726
2009-01-31,37548.87600000001,37103.809,63177.53,19516.523,157346.738,43774.79,28896.854,35965.76299999999
2009-02-28,46052.82100000001,35405.178,65758.395,17122.587,164338.98100000003,35223.807,25979.561,34067.01
2009-03-31,42601.21699999999,28570.923,71547.322,19040.433999999997,161759.896,35409.487,19379.361,30867.656000000003
2009-04-30,47108.263,26528.451999999997,76125.58799999999,18631.896,168394.199,40157.399,16045.995,28964.025000000005
2009-05-31,51743.34299999999,25485.168,83981.013,18624.194,179833.718,33329.839,20902.856,32104.503999999997
2009-06-30,42031.628000000004,27623.343,90778.42500000002,18439.01,178872.40600000002,30302.813000000002,18134.008,29679.299
2009-07-31,41703.053,31603.107,92223.173,19597.821,185127.15399999998,36036.369,21553.108,32411.439
2009-08-31,36304.308999999994,33018.038,94597.133,20254.446,184173.92599999998,37237.885,24124.504,33007.794
2009-09-30,34665.59300000001,32964.754,100931.56100000002,18928.415999999997,187490.32400000002,40253.719,26175.417,31867.79
2009-10-31,35873.594999999994,33049.687,104105.62400000001,18473.992,191502.89800000002,38367.471000000005,25634.372,30326.386000000002
2009-11-30,37990.242,36835.668000000005,110476.456,18435.398,203737.76400000002,44932.645000000004,28585.762000000002,34884.947
2009-12-31,41200.628000000004,39433.994,112336.879,17946.826,210918.327,41761.42799999999,25311.466999999997,32610.058999999997
2010-01-31,34516.327999999994,26571.787,108335.94,18498.622,187922.677,52263.278,20818.636,29835.688000000002
2010-02-28,35829.80200000001,37173.882,112648.424,18575.431,204227.53900000002,52673.262,20116.313000000002,35576.79499999999
2010-03-31,33173.65299999999,36920.787,118319.06899999999,18562.832,206976.34099999996,53171.688,20954.351000000002,31308.319000000003
2010-04-30,38325.45499999999,36912.45,119611.473,21032.327999999998,215881.70599999998,60429.723000000005,20676.293,34183.25000000001
2010-05-31,38614.08699999999,39573.673,111018.274,18934.671000000002,208140.705,49699.846999999994,23529.862,29969.591999999993
2010-06-30,43817.43999999999,41706.955,111137.802,15986.837,212649.03399999999,46457.42599999999,23846.281,25888.206000000002
2010-07-31,39223.37899999999,37950.525,108838.799,16227.335,202240.03799999997,39719.576,18293.019,26775.428000000004
2010-08-31,32718.129,35632.315,111147.429,17316.573,196814.44600000003,48978.379,16957.532,28184.909000000003
2010-09-30,46463.108,31676.237,106169.881,16917.662,201226.888,44726.998,13139.414,29280.689999999995
2010-10-31,39130.49900000001,30711.076,102734.699,17588.889,190165.163,45935.18400000001,11116.576000000001,26512.186
2010-11-30,42338.30299999999,30551.979,107112.775,17993.855000000003,197996.91199999998,49115.452000000005,10595.131,29130.055
2010-12-31,34627.337,28270.138000000003,113710.87299999999,16518.231,193126.579,53867.337,10235.866999999998,30602.541
2011-01-31,37426.58500000001,34816.716,120285.005,17726.17,210254.476,56938.049,14466.316,29249.392
2011-02-28,41580.729999999996,34615.826,125220.693,17152.084,218569.333,57219.702000000005,11928.49,28352.815
2011-03-31,46023.34500000001,35422.384,125864.18,16708.779,224018.688,50504.244,12846.932,28245.376000000004
2011-04-30,44471.547000000006,29687.511,127152.308,16068.482,217379.848,53491.898,8522.027,25662.050000000003
2011-05-31,46976.71599999999,31699.54,117805.769,15944.406,212426.431,50515.398,9097.557,25356.86
2011-06-30,39423.234,34920.594,119067.058,17484.643,210895.529,54039.961,9476.395,24747.312
2011-07-31,42582.48100000001,35706.956,116185.558,18427.24,212902.235,50052.574,9216.224,24802.863
2011-08-31,40624.036,34116.639,116490.509,17158.602,208389.786,56330.919,8217.286,24761.567
2011-09-30,53701.71100000001,29362.298,119026.486,15894.263,217984.758,57270.140999999996,5825.559,23467.816
2011-10-31,54556.08900000001,37609.003,121817.244,15656.372,229638.708,59771.193,6636.993,25183.524
2011-11-30,50899.973000000005,40986.559,118602.168,14791.032,225279.732,51077.477,6789.842,26892.495000000003
2011-12-31,44142.577,38001.744,123413.988,15895.146,221453.455,53682.05,8023.295,19857.965
2012-01-31,52409.130000000005,47378.401,117391.615,16371.011,233550.157,56186.359000000004,7684.406,21719.404000000002
2012-02-29,46671.314999999995,42137.767,133419.587,16413.886,238642.555,67197.662,9365.906,20297.343999999997
2012-03-31,48233.037000000004,42436.464,129897.493,16720.162,237287.156,55812.971999999994,10002.466,24026.937
2012-04-30,47694.098,54243.609,115623.988,15645.927,233207.622,51025.439000000006,10100.129,23703.287999999997
2012-05-31,47180.329,58893.242,114215.333,17547.578,237836.482,48597.585,12044.158,27309.000999999997
2012-06-30,56642.185000000005,59243.832,110231.464,19515.699,245633.18,49468.557,9461.85,29202.547000000002
2012-07-31,48410.99,56664.021,114341.3,16599.607,236015.918,55101.51500000001,9150.919,21340.627
2012-08-31,56401.596999999994,53733.072,113128.551,15763.897,239027.117,59625.691,7462.827,24179.188
2012-09-30,51148.529,54104.124,120051.514,15262.084,240566.251,56510.248,8366.751,26566.773
2012-10-31,43823.669,51297.078,119098.509,16197.217,230416.473,56302.601,8144.604,26885.884000000002
2012-11-30,46901.251000000004,47723.538,117548.899,15311.154,227484.842,49934.958000000006,8819.565,26378.338
2012-12-31,36033.621999999996,51471.309,119644.078,14961.86,222110.869,51836.245,10914.24,25361.623
2013-01-31,33200.131,51731.876,123510.069,14847.37,223289.446,54300.235,10165.69,25749.012000000002
2013-02-28,35237.30500000001,52186.95,123621.042,15313.643,226358.94,57306.599,11441.807,26958.544
2013-03-31,37110.096,52065.501,116940.483,15789.63,221905.71,52600.763,11317.392,25157.954999999994
2013-04-30,28337.323999999993,56205.769,115657.381,14513.538,214714.012,48392.064000000006,11104.447,25024.517
2013-05-31,33419.717000000004,54792.947,119917.35,14493.764,222623.778,49467.170999999995,10495.887,24473.876999999997
2013-06-30,32211.593,53499.869,122654.106,14293.064,222658.632,51985.113999999994,9656.873,24494.487
2013-07-31,32936.35399999999,53062.565,121629.878,13910.839,221539.636,50475.399,11699.604,22279.374000000003
2013-08-31,28250.710999999996,50596.141,122959.818,12553.815,214360.485,59452.134,13612.451,22753.144
2013-09-30,35958.509000000005,49875.451,122821.436,13299.302,221954.698,51783.89,12120.79,21473.597999999998
2013-10-31,30383.372000000003,54910.993,124417.311,12927.209,222638.885,55331.595,14503.909,22445.796000000002
2013-11-30,31546.729999999996,55594.5,124932.466,12554.574,224628.27,60086.208,12485.778,24364.454
2013-12-31,26123.729,57159.547,126037.438,12204.459,221525.173,48796.873,11669.776,23355.398
2014-01-31,34533.195,52447.289,132533.911,12520.849,232035.244,54239.48499999999,11296.71,25050.679999999997
2014-02-28,31927.083,52170.152,136828.784,12232.765,233158.784,53936.424999999996,10417.44,27804.358999999997
2014-03-31,30698.783000000003,58728.339,137147.427,11774.456,238349.005,56059.049000000006,10743.344,22557.318000000003
2014-04-30,29938.748000000007,51256.333,134930.568,11836.344,227961.993,52754.86200000001,12290.317,24745.448
2014-05-31,32024.415999999997,51212.397,133834.948,10882.702,227954.463,54130.236,12052.7,22592.523999999998
2014-06-30,29430.856000000007,56485.07,135837.269,11784.871,233538.066,44396.81,15959.379,23707.817000000003
2014-07-31,36125.789000000004,54405.701,138600.568,11510.969,240643.027,48419.147999999994,7746.146,25960.269999999997
2014-08-31,31836.186,42582.621,147234.402,10958.017,232611.226,50437.291,11960.682,26313.092
2014-09-30,29282.147999999994,44095.802,147233.286,12123.949,232735.185,49055.782,11421.074,26811.318
2014-10-31,30992.805999999997,42072.436,151569.613,12080.318,236715.173,54439.016,10534.557,25276.323
2014-11-30,40784.60400000001,35042.841,162645.079,12134.757,250607.281,51622.237,11828.941,26316.635
2014-12-31,39877.178,44668.296,161230.507,11949.942,257725.923,57042.015,25222.789,22854.271
2015-01-31,38675.289,41436.354,164819.019,12354.591,257285.253,61515.659,18784.095,26313.83
2015-02-28,46835.012,42802.849,168292.621,12802.16,270732.642,48481.804,17437.68,25494.701999999997
2015-03-31,48109.515,54746.91,170889.605,12321.552,286067.582,49967.909999999996,16226.086,22598.944
2015-04-30,54127.25,47301.618,171582.544,12828.297,285839.709,42142.503000000004,14738.265,18961.151
2015-05-31,50802.956999999995,46517.372,172499.609,13445.065,283265.003,44502.066999999995,18550.696,18607.242000000002
2015-06-30,52586.293999999994,57547.136,174970.426,12696.811,297800.667,44090.19499999999,23158.058,18032.118000000002
2015-07-31,56189.734000000004,56342.366,174288.096,12333.01,299153.206,47074.367999999995,21487.024,17117.553
2015-08-31,64765.17600000001,52243.397,172460.056,15055.955,304524.584,51230.188,19145.849,20327.269999999997
2015-09-30,66965.446,51267.897,171425.446,13765.698,303424.487,51716.225,15007.225,24775.006999999998
2015-10-31,61863.43400000001,45671.655,168357.006,12932.699,288824.794,52284.488,14805.419,22231.170000000002
2015-11-30,63734.798,46769.15,172405.731,14229.391,297139.07,53360.94900000001,21200.691,24175.005
2015-12-31,85318.87700000001,47921.606,175188.119,14185.177,322613.779,49985.119999999995,24490.933,25510.518
2016-01-31,79240.198,44175.781,172016.197,15602.361,311034.537,53692.80499999999,21621.919,21080.024
2016-02-29,75519.10984474001,37899.13913514,163031.16397875,15756.16908907,292205.5820477,48462.034,21777.401459,22581.225000000002
2016-03-31,74597.44500365999,38165.26974416999,159580.47524943,14540.59281012,286883.78280738,47148.96147246,19353.438960869997,23249.47155071
2016-04-30,66707.76692056,33264.45874431,150277.46917923001,16671.777653359997,266921.47249746,52402.075683159994,18102.2953590303,21004.07218196
2016-05-31,72559.77671727,42854.29673167,141780.06425161,14636.67937376,271830.81707431,63272.14441561,32343.247803659997,20391.5934787
2016-06-30,70324.86478939,35243.67283285,136936.35418614,15164.60181677,257669.49362515,60918.12857275001,21867.580854990003,26498.6039627
2016-07-31,65275.7206550593,33616.5404646807,137088.26315933,15503.48613961,251484.01041868,55555.84298341701,27487.095851770602,24805.271073789998
2016-08-31,55957.50932300869,27642.2812758613,135329.80036208002,15339.78029583,234269.37125678,54323.716289019205,25278.4776850121,25672.14390281
2016-09-30,62624.80171784,41976.44960811,134306.17663935,15018.38808727,253925.81605256998,59131.967548203706,35342.9907374668,31008.992981430005
2016-10-31,59300.6127574353,41177.0451166,133373.96228736,13626.883836599998,247478.5039979953,57429.823262750004,35008.5323903299,28289.07199886
2016-11-30,62851.2892939044,42239.27964801,131494.90375,13589.865907769998,250175.3385996844,55282.33266341001,36714.4104432502,26583.14239544
2016-12-31,58232.58009965001,33369.3377539828,129204.57741559,13025.0127015,233831.5079707228,50931.9152138629,21712.2259150047,23456.941302910003
2017-01-31,61200.29196363999,31255.054362222803,124273.92913358999,14277.489567089999,231006.7650265428,47098.87356464,22932.5406786826,24455.97489229
2017-02-28,53958.6717426,32456.44973914,124945.41655858001,14656.341045980002,226016.8790863,49084.53810853999,22308.7517618099,24095.64684229
2017-03-31,64943.0054150174,36522.958743890005,123596.13780073,14356.66779472,239418.7697543574,53629.427882719996,18554.4654313223,24387.87141806
2017-04-30,67568.23817766999,35333.5785362027,123203.20900455999,16269.91837565,242374.9440940827,56637.837264550006,17002.807249852798,25393.74004624
2017-05-31,65093.57564446,42690.600513749596,123594.80555636,18103.77945673,249482.76117129961,61927.59469630401,19110.524983717198,19102.04591813
2017-06-30,65345.99960799269,39639.26792156001,122012.74819841,22241.8564621,249239.8721900627,57476.09205272,16114.99342339,18839.36368514
2017-07-31,61952.8629891794,35827.4882850734,120103.26053345,23710.080036710002,241593.6918444128,53818.531284050005,21939.214924249998,16183.10635798
2017-08-31,59987.09244088011,39171.48863235999,118880.58076102,24492.26379174,242531.4256260001,49334.60344531,22243.3667378203,19898.79657415
2017-09-30,54393.358036312,52101.062499420004,118738.82811289,26132.872978639996,251366.121627262,52296.50465459,31648.0836187328,17569.0652852
2017-10-31,56799.01476115999,49671.058642199096,115328.15160374,26548.21683198,248346.4418390791,48706.93231643,25626.21090564,15616.718896750002
2017-11-30,53941.1026006325,53865.185900817596,113870.16720776001,23008.73007477,244685.1857839801,56916.97717373,29342.89244564,14669.892114420001
2017-12-31,53365.890436179994,70368.859579218,114488.36040207,23900.91157182,262124.02198928798,57717.12406931999,44121.89404034,17347.07130152
2018-01-31,54753.49014453999,52652.37011638,107990.4581234,25710.472157469998,241106.79054179002,45797.218132689995,29583.75099668,16453.02722867
2018-02-28,60676.57076017998,43893.34630794001,106429.69436524999,24882.24875692,235881.86019028997,42585.52715948001,23523.8509485,14623.04061379
2018-03-31,57979.34265713001,38446.6909112,105775.04135007,23663.262077770003,225864.33699617,52149.625762359996,18523.30013302,15389.076183700001
2018-04-30,61932.80465258676,37146.62884808925,103142.76919011,23246.16558924,225468.36828002598,54925.71042891,15966.48522137,16547.61315019
2018-05-31,66625.31363204439,38889.746074144496,100855.4027043,23305.93504185,229676.39745233886,65709.03626641,16703.58529587,17893.099476770003
2018-06-30,69023.42728118501,45431.7864617,101519.39116918998,22602.26860981,238576.873521885,71533.14593446002,18883.9480218,16422.51322793
2018-07-31,59773.678403499995,43948.7874773,98911.947,26515.511153130003,229149.92403393,66389.98007824001,24055.50480303,17053.801
2018-08-31,53339.26765255001,39328.80291454,98990.575,25315.423857269998,216974.06942436,57129.76146002999,19739.128657499998,16173.477
2018-09-30,72434.179,43650.59944264,99231.191,25675.41044324,240991.37988588,57919.60907993,22814.78992934,15841.987000000001
2018-10-31,73658.40608198999,43342.12308984,97903.091,25453.945010400003,240357.56518223,73815.07749288999,28890.510998120004,14028.769
2018-11-30,72479.15443858001,42317.99670602,98292.647,25558.02531247,238647.82345707,69443.4532582,31485.76626525,16582.259000000002
2018-12-31,66194.54915126,39941.79408805,98752.768,26943.04913024,231832.16036955002,60781.460105980004,32082.215335549998,18069.591
2019-01-31,65549.77298578998,34960.45770199,97164.86,27531.47038281,225206.56107059,67957.31456646998,23178.13956385,17664.77462917
2019-02-28,57304.202311880006,37417.40905183,97034.348,27699.5134401,219455.47280381,73782.30631261998,19298.499216469998,19693.75609196
2019-03-31,57722.05097986999,37226.15899376001,97183.458,28803.55486459,220935.22283822,80218.95110037,22430.08843241,20527.24923557
2019-04-30,57283.935763890004,37141.47797934,95374.616,29019.84184375,218819.87158697998,85599.12969289001,19187.25029061,19796.897611599998
2019-05-31,49023.97289388999,40263.898239810005,94185.078,26722.89049218,210195.83962588,91410.07230363,20098.862109719998,21378.79410724
2019-06-30,57499.57298372002,41315.5212549,94168.976,29666.94014323,222651.01038185,91828.81344646998,23928.74372305,19753.43632338
2019-07-31,44932.575122120004,49407.91389625,96098.158,32552.251177100003,222990.89819547,102137.95327198,24881.59820045,27826.60833194
2019-08-31,67799.44642436999,53567.56241076,97711.188,34825.38753644,253903.58437157,105726.47134292,24581.955479450004,30241.96957586
2019-09-30,51582.16898047999,52915.57568869,97825.818,35476.56827293,237800.13094210002,104627.7601663,32072.05426579,28466.91851984
2019-10-31,51095.58798047999,54059.96768869,97219.774,36352.046272930005,238727.3759421,97184.2231663,28046.276265790002,33343.90951984
2019-11-30,51588.00501464999,57793.48868509,95525.569,38798.132240089995,243705.19493983,103581.4368447,27053.02163529,36675.30505894
2019-12-31,47537.59501915,63226.789855619994,97611.725,35253.261663560006,243629.37153833002,102350.20176253999,38704.54064435,32100.09591828
2020-01-31,42382.92301648,60071.69574063,97980.749,40243.58068543,240678.94844254,107290.83101113001,36754.4024969,39626.0969818
2020-02-29,44727.56213780001,61828.386124669996,93583.929,41409.687729100006,241549.56499157,106895.40307493,40713.41614279,42869.0518612
2020-03-31,46446.04302327,70851.99145115,92563.419,47175.011156630004,257036.46463104998,100530.95530649001,36200.55823868,48743.42787187
2020-04-30,53803.06634546601,67350.62496482,94142.836,49260.96880999699,264557.49612028303,92898.78793431,35675.65103799001,48388.408092461
2020-05-31,80476.57628222802,66193.858678158,100799.648,47747.713237494,295217.79619787994,90503.51414732,35011.76421719,52112.137983499
2020-06-30,58999.887941907014,73164.447699568,101950.491,45613.260466833,279728.08710830804,88552.68679404,37251.23733226999,49758.494670276996
2020-07-31,61382.006592200996,69230.622946085,100718.144,44902.27043347099,276233.043971757,83723.33981864002,34792.80045696,47128.909045677
2020-08-31,51280.825930123,65667.137484217,100785.946,42507.987328341,260241.896742681,71172.271401393,34398.96065193001,44524.933828027
2020-09-30,53308.76665427301,61159.58727650499,107907.04,42253.42939465099,264628.823325429,79237.04151931498,38104.034631049995,47115.678279411004
2020-10-31,50869.19692183201,59205.303279996,99731.312,41492.945094709,251298.75729653702,80429.878640507,36896.81670475,45750.421629927994
