date,currency_outside_banks_mn_sar,demand_deposits_mn_sar,m1_mn_sar,time_savings_deposits_mn_sar,m2_mn_sar,other_quasi_money_mn_sar
1993-12-31,42622.797617,78879.959,121502.756617,47892.339,169395.095617,59027.66
1994-12-31,44965.078410999995,80679.357,125644.435411,51417.12,177061.555411,59169.37
1995-12-31,43087.202999999994,81383.933,124471.136,61222.523,185693.65899999999,56075.251
1996-12-31,43037.634999999995,89890.221,132927.856,71080.751,204008.60700000002,54313.953
1997-12-31,45823.203,95360.545,141183.748,77165.538,218349.286,54199.523
1998-12-31,45019.049000000006,95253.268,140272.317,83436.098,223708.415,59547.916
1999-12-31,55060.284999999996,101604.895,156665.18,85341.415,242006.59499999997,63439.317
2000-12-31,51019.457,114480.931,165500.388,90832.006,256332.394,62656.915
2001-12-31,49203.422999999995,130192.471,179395.894,91684.591,271080.485,68902.386
2002-12-31,52329.208999999995,150009.862,202339.071,108028.195,310367.266,79841.297
2003-12-31,55444.657999999996,167577.202,223021.86,113381.881,336403.741,80703.041
2004-12-31,60133.143000000004,211170.238,271303.381,136672.88,407976.261,87691.664
2005-12-31,64288.038,219251.036,283539.074,165266.397,448805.471,104542.462
2006-12-31,69324.101,243417.691,312741.792,226026.745,538768.537,121499.516
2007-12-31,72191.67300000001,311365.062,383556.735,283059.125,666615.86,123139.628
2008-12-31,83006.39199999999,342487.682,425494.07399999996,367623.877,793117.9509999999,136006.62
2009-12-31,88395.351,433162.212,521557.56299999997,323377.029,844934.592,184009.189
2010-12-31,95519.84768499,530072.227,625592.07468499,298282.546,923874.62068499,156495.171
2011-12-31,119901.52640616,642093.67,761995.19640616,316400.646,1078395.84240616,161149.603
2012-12-31,133120.72828841,756555.345,889676.07328841,329679.868,1219355.94128841,188717.559
2013-12-31,143140.03717765,860270.196,1003410.23317765,350266.485,1353676.7181776501,207393.726
2014-12-31,153750.14311176,991384.41,1145134.55311176,403419.45,1548554.00311176,193335.18
2015-12-31,168491.79047888,980150.664,1148642.45447888,439377.329,1588019.7834788798,197562.28
2016-12-31,170323.06883444,976086.1988083251,1146409.267642765,496019.30788064003,1642428.575523405,157279.10857184482
2017-12-31,172046.35069519997,1002467.74800831,1174514.09870351,454152.05919544,1628666.15789895,176505.21473533998
2018-12-31,180132.44599683,1040664.95184748,1220797.39784431,443022.41314937995,1663819.8109936898,189825.56086021
2019-12-31,189160.26772414,1099151.08319698,1288311.35092112,501666.91848965,1789978.26941077,195161.18214797
2020-12-31,206283.560385,1282591.31982632,1488874.88021132,473966.98055585,1962841.86076717,186425.206063303
2021-12-31,204366.04192211002,1360108.1662613498,1564474.20818346,495334.36669822,2059808.5748816798,249011.38056003003
2022-12-31,199965.70505283002,1328160.3574,1528126.0624528301,654764.2713499999,2182890.33380283,312481.6821240001
2023-12-31,211884.8803785,1312330.2918346801,1524215.1722131802,864069.4239041801,2388284.5961173605,297058.62959233
2024-12-31,229088.19631035,1440640.6123717302,1669728.8086820801,949707.90734594,2619436.7160280203,302035.60330071003
2025-12-31,241965.75771247002,1432320.08099126,1674285.8387037301,1173836.6563675266,2848122.4950712565,319655.4768074151
1993-01-31,43987.38,83672.56700000001,127659.94700000001,46181.365999999995,173841.31300000002,54422.607
1993-02-28,45338.575999999994,84624.138,129962.714,46108.899000000005,176071.613,60263.115000000005
1993-03-31,46572.6255,85427.936,132000.5615,45748.717000000004,177749.27850000001,55651.947
1993-04-30,46594.138533,85704.078,132298.216533,45984.425,178282.641533,56290.971999999994
1993-05-31,48942.1277,85989.786,134931.91369999998,46212.882,181144.79569999996,54955.454999999994
1993-06-30,47880.194353,89345.831,137226.025353,46155.635,183381.660353,57828.003
1993-07-31,46549.9284,89945.723,136495.6514,46245.888999999996,182741.5404,57098.469
1993-08-31,44488.262395,89289.138,133777.400395,46625.812000000005,180403.212395,61287.742999999995
1993-09-30,43311.305902,88202.388,131513.693902,45713.529,177227.222902,60344.594
1993-10-31,43407.870706,83343.125,126750.995706,46608.568,173359.563706,61833.365
1993-11-30,42836.33823,81473.832,124310.17022999999,46633.355,170943.52523,61860.409999999996
1993-12-31,42622.797617,78879.959,121502.756617,47892.33899999999,169395.095617,59027.659999999996
1994-01-31,42558.307467,81221.733,123780.04046699998,47767.719000000005,171547.759467,59392.55300000001
1994-02-28,46303.364,84268.491,130571.855,46748.75,177320.60499999998,57227.282999999996
1994-03-31,44789.630069,80386.28600000001,125175.916069,48772.721999999994,173948.63806899998,57715.399
1994-04-30,44568.78838299999,80762.179,125330.967383,47971.187999999995,173302.15538299998,56383.82399999999
1994-05-31,45229.799189,82660.827,127890.626189,48219.808999999994,176110.43518899998,57859.812000000005
1994-06-30,44923.696395,82602.91900000001,127526.615395,48248.854999999996,175775.470395,57765.03300000001
1994-07-31,44449.077086,83741.227,128190.30408599999,47046.933999999994,175237.23808599997,57288.35500000001
1994-08-31,43086.088016,83244.798,126330.886016,47025.922999999995,173356.809016,58119.119999999995
1994-09-30,42144.679086000004,83187.147,125331.826086,48357.727,173689.553086,58549.21799999999
1994-10-31,43746.897000000004,82731.442,126478.339,49518.496,175996.83500000002,59751.905
1994-11-30,44713.314000000006,81423.201,126136.51500000001,49991.246,176127.761,58109.97
1994-12-31,44965.078410999995,80679.357,125644.435411,51417.119999999995,177061.55541099998,59169.369999999995
1995-01-31,45125.308000000005,79211.39700000001,124336.70500000002,51578.78,175915.48500000002,58942.937999999995
1995-02-28,48007.724,79768.541,127776.265,53809.462,181585.727,58233.449
1995-03-31,46446.280507,82448.977,128895.257507,54625.361999999994,183520.619507,58428.14599999999
1995-04-30,48125.951699,82464.792,130590.743699,54394.064,184984.807699,59791.94200000001
1995-05-31,47069.917454,83724.515,130794.432454,56178.094,186972.52645399998,57814.83
1995-06-30,46875.73062,84180.731,131056.46162,56152.393000000004,187208.85462,58201.33499999999
1995-07-31,45312.5635,82131.866,127444.4295,56693.034,184137.4635,56832.888999999996
1995-08-31,43123.407998999995,78445.43800000001,121568.84599900001,57233.003000000004,178801.848999,57262.005
1995-09-30,42715.833,81546.418,124262.251,58436.185,182698.436,57466.812000000005
1995-10-31,42614.90200000001,81136.67000000001,123751.57200000001,58310.67,182062.24200000003,56690.718
1995-11-30,42776.98300000001,81907.78899999999,124684.772,59259.199,183943.971,55191.01299999999
1995-12-31,43087.202999999994,81383.933,124471.136,61222.523,185693.65899999999,56075.251000000004
1996-01-31,44237.456000000006,81999.225,126236.68100000001,60514.753,186751.434,56516.91100000001
1996-02-29,45178.7624,82933.791,128112.5534,60209.38,188321.9334,56725.46800000001
1996-03-31,45008.198,83226.502,128234.69999999998,61755.078,189989.778,56612.007
1996-04-30,47466.512619,85496.598,132963.11061899998,63254.693,196217.80361899998,55077.231
1996-05-31,45124.90358,87969.22899999999,133094.13257999998,61804.605,194898.73758,54510.36600000001
1996-06-30,44985.365999999995,88015.869,133001.235,61296.042,194297.277,56685.293999999994
1996-07-31,43423.448133,86829.758,130253.206133,62946.971000000005,193200.177133,54557.91799999999
1996-08-31,42290.983307999995,86392.423,128683.40630799999,65826.946,194510.35230799997,55280.857
1996-09-30,41348.81289539999,86951.38500000001,128300.1978954,66048.799,194348.9968954,55365.236000000004
1996-10-31,41218.723934,86568.444,127787.167934,66950.689,194737.85693399998,54420.65
1996-11-30,41510.009702,87305.25200000001,128815.26170200002,68085.143,196900.40470200003,55663.972
1996-12-31,43037.634999999995,89890.22099999999,132927.85599999997,71080.751,204008.60699999996,54313.952999999994
1997-01-31,47134.961,94768.131,141903.092,69427.555,211330.647,52937.738
1997-02-28,43763.224,93238.03600000001,137001.26,69563.339,206564.59900000002,53336.801999999996
1997-03-31,45475.57,96658.58200000001,142134.152,70956.802,213090.954,54995.82099999999
1997-04-30,44985.905000000006,97167.546,142153.451,69596.496,211749.947,53180.383
1997-05-31,46261.003,97936.472,144197.47499999998,69438.634,213636.109,55015.379
1997-06-30,47367.604,97130.391,144497.995,69364.539,213862.53399999999,55827.952000000005
1997-07-31,45957.467,96936.798,142894.26499999998,70233.943,213128.20799999998,52779.63500000001
1997-08-31,44914.573000000004,95290.923,140205.49599999998,71749.734,211955.22999999998,53481.906
1997-09-30,44565.843,94200.418,138766.261,72463.189,211229.45,55039.788
1997-10-31,44614.335999999996,94514.682,139129.01799999998,72883.008,212012.02599999998,52943.066000000006
1997-11-30,44601.199,94900.734,139501.933,74581.07800000001,214083.011,54292.444
1997-12-31,45823.203,95360.545,141183.748,77165.538,218349.286,54199.523
1998-01-31,48820.498,97699.417,146519.915,77508.351,224028.266,52902.75399999999
1998-02-28,47410.449,96953.608,144364.057,77881.994,222246.051,53093.21599999999
1998-03-31,48884.796,98017.262,146902.05800000002,78781.845,225683.90300000002,51329.350000000006
1998-04-30,47786.789000000004,100095.93599999999,147882.72499999998,78112.831,225995.55599999998,52094.202999999994
1998-05-31,47171.73900000001,99807.486,146979.225,78059.301,225038.526,50425.164
1998-06-30,47004.653999999995,101012.645,148017.299,80143.23199999999,228160.531,52004.757
1998-07-31,45132.318,98070.62599999999,143202.944,78664.425,221867.369,51588.147000000004
1998-08-31,43802.335999999996,97122.27900000001,140924.615,78696.13,219620.745,51866.20599999999
1998-09-30,43210.206,94923.431,138133.637,79211.595,217345.232,56969.816999999995
1998-10-31,43092.838,94516.26999999999,137609.108,79203.072,216812.18,56862.689
1998-11-30,43220.643,94805.79199999999,138026.435,79919.94099999999,217946.376,57270.521
1998-12-31,45019.049000000006,95253.268,140272.317,83436.098,223708.415,59547.916
1999-01-31,45299.178,97596.15299999999,142895.331,81515.4,224410.731,58718.939
1999-02-28,45347.10600000001,99206.59000000001,144553.69600000003,81825.216,226378.912,58380.498999999996
1999-03-31,47242.843,99834.60399999999,147077.447,83629.246,230706.69299999997,56625.381
1999-04-30,45368.091,101837.768,147205.859,83128.313,230334.172,57446.820999999996
1999-05-31,45262.076,100983.29000000001,146245.366,82390.60399999999,228635.97,56915.583
1999-06-30,44443.769,101621.68000000001,146065.44900000002,81892.30799999999,227957.757,56573.077000000005
1999-07-31,42989.604999999996,102703.491,145693.096,80680.984,226374.08,56420.231
1999-08-31,42099.166000000005,102421.029,144520.195,82478.818,226999.013,56772.662000000004
1999-09-30,41746.691,101569.875,143316.566,82624.614,225941.18,57270.64600000001
1999-10-31,43321.159,101894.041,145215.2,82272.848,227488.048,60861.544
1999-11-30,43782.635,104285.02500000001,148067.66,82556.665,230624.325,60608.58699999999
1999-12-31,55060.284999999996,101604.895,156665.18,85341.41500000001,242006.595,63439.316999999995
2000-01-31,47642.835,109617.144,157259.979,85371.64499999999,242631.62399999998,57752.55
2000-02-29,47924.169,107490.441,155414.61000000002,84791.198,240205.80800000002,59226.869999999995
2000-03-31,47690.352000000006,112228.023,159918.375,84492.34,244410.715,59505.585
2000-04-30,47281.484000000004,114389.815,161671.299,85628.723,247300.022,57893.40400000001
2000-05-31,49421.842,113069.503,162491.345,86401.953,248893.298,60377.507999999994
2000-06-30,48298.585,114385.693,162684.278,87736.572,250420.84999999998,60123.395000000004
2000-07-31,46871.854999999996,112910.718,159782.57299999997,87722.681,247505.25399999996,59570.96200000001
2000-08-31,46081.112,112233.808,158314.92,87623.711,245938.631,60442.935000000005
2000-09-30,46125.869000000006,112622.136,158748.005,87691.955,246439.96000000002,62002.25399999999
2000-10-31,46439.776,111398.77,157838.546,86427.344,244265.89,61936.19899999999
2000-11-30,47311.512,110999.117,158310.62900000002,88314.62299999999,246625.252,63212.831999999995
2000-12-31,51019.457,114480.931,165500.388,90832.006,256332.394,62656.914999999986
2001-01-31,49089.376,117255.36300000001,166344.739,90803.18,257147.919,62806.349
2001-02-28,51752.246999999996,118673.21699999999,170425.46399999998,91391.728,261817.19199999998,62411.903000000006
2001-03-31,50095.584,122472.026,172567.61,92627.342,265194.952,60280.428
2001-04-30,50054.257999999994,125244.833,175299.091,88403.987,263703.078,62491.339
2001-05-31,50372.91,126960.709,177333.619,89016.54000000001,266350.159,64574.532
2001-06-30,49272.039,128499.99900000001,177772.038,87349.837,265121.875,65311.32000000001
2001-07-31,47556.222,126228.18000000001,173784.402,87285.877,261070.27899999998,64143.05699999999
2001-08-31,46777.743,125966.908,172744.651,89171.34700000001,261915.99800000002,63794.685999999994
2001-09-30,46528.598,126528.20999999999,173056.808,87923.045,260979.853,66354.342
2001-10-31,46988.498,126173.107,173161.605,89398.12299999999,262559.728,68981.21900000001
2001-11-30,48501.356,130980.143,179481.499,88887.89600000001,268369.395,69045.69799999999
2001-12-31,49203.422999999995,130192.471,179395.894,91684.591,271080.485,68902.386
2002-01-31,49531.587999999996,131726.96,181258.54799999998,91545.372,272803.92,69068.01299999999
2002-02-28,51147.285,134273.886,185421.171,92712.47099999999,278133.642,70781.099
2002-03-31,49154.153000000006,138295.23200000002,187449.385,91195.462,278644.847,68831.692
2002-04-30,49622.882,142344.39800000002,191967.28000000003,89553.132,281520.412,69875.60800000001
2002-05-31,50191.24,144574.124,194765.364,89152.857,283918.221,70811.519
2002-06-30,49257.453,143514.352,192771.80500000002,88127.743,280899.548,69573.575
2002-07-31,48219.299,146040.27,194259.569,89910.14199999999,284169.711,71414.50899999999
2002-08-31,47079.877,145817.87900000002,192897.75600000002,90503.92000000001,283401.67600000004,72177.125
2002-09-30,46996.861,146193.767,193190.628,91472.29000000001,284662.918,76257.034
2002-10-31,49068.844999999994,148365.95,197434.795,101181.188,298615.983,78274.052
2002-11-30,54035.834,148490.264,202526.098,102186.386,304712.484,77609.513
2002-12-31,52329.208999999995,150009.862,202339.071,108028.195,310367.266,79841.29699999999
2003-01-31,54028.647,152144.224,206172.87099999998,108130.861,314303.73199999996,76700.76299999999
2003-02-28,54281.08,151700.161,205981.24099999998,108392.233,314373.474,79594.715
2003-03-31,55544.399000000005,156587.343,212131.742,106823.197,318954.939,79922.63
2003-04-30,55400.565,159402.688,214803.253,105375.97200000001,320179.225,78764.55799999999
2003-05-31,55365.182,161654.81199999998,217019.99399999998,105240.02,322260.01399999997,80204.668
2003-06-30,54889.519,162903.869,217793.388,104984.349,322777.737,80877.452
2003-07-31,53444.872,164635.27300000002,218080.14500000002,105498.84099999999,323578.98600000003,79701.98999999999
2003-08-31,51990.291,163138.393,215128.684,105419.57500000001,320548.259,81739.775
2003-09-30,52233.157,161965.869,214199.026,106422.194,320621.22000000003,81749.121
2003-10-31,53754.53,162650.828,216405.358,105697.427,322102.78500000003,80833.48700000001
2003-11-30,56737.519,161642.97900000002,218380.49800000002,108639.715,327020.213,79241.725
2003-12-31,55444.657999999996,167577.202,223021.86,113381.881,336403.741,80703.04099999998
2004-01-31,59046.94900000001,170312.72199999998,229359.67099999997,113806.80600000001,343166.47699999996,79167.16900000001
2004-02-29,56674.384,174769.76700000002,231444.151,113855.94399999999,345300.095,81876.65299999999
2004-03-31,56701.482,182165.55000000002,238867.032,111554.355,350421.387,84871.68200000002
2004-04-30,57333.404,185519.863,242853.26700000002,108859.399,351712.666,84259.001
2004-05-31,57019.231,183650.013,240669.244,109923.405,350592.649,86362.53200000002
2004-06-30,57072.653999999995,185576.957,242649.61099999998,115238.60800000001,357888.219,90001.97499999999
2004-07-31,55869.721000000005,190406.526,246276.24700000003,119773.764,366050.01100000006,85275.69
2004-08-31,54837.277,188878.624,243715.901,128526.63400000002,372242.53500000003,84215.35499999998
2004-09-30,56038.276000000005,187349.42899999997,243387.705,126068.24799999999,369455.953,87226.655
2004-10-31,58896.719000000005,182341.17200000002,241237.89100000003,125833.013,367070.90400000004,90015.87
2004-11-30,60121.921,201120.218,261242.139,144964.169,406206.30799999996,89382.841
2004-12-31,60133.143000000004,211170.238,271303.381,136672.88,407976.261,87691.664
2005-01-31,60634.231,209720.127,270354.358,135731.858,406086.216,91749.63399999999
2005-02-28,58388.24199999999,208933.434,267321.676,136739.837,404061.513,92183.53799999999
2005-03-31,58743.87299999999,217667.308,276411.181,142386.186,418797.36699999997,93172.008
2005-04-30,58721.596,220732.29400000002,279453.89,141937.26,421391.15,95835.45299999998
2005-05-31,59199.265,220251.576,279450.841,151991.51499999998,431442.356,94215.59400000001
2005-06-30,60156.39699999999,215973.956,276130.353,156873.64299999998,433003.996,97628.61899999999
2005-07-31,59322.51999999999,222965.288,282287.80799999996,150912.845,433200.65299999993,96270.072
2005-08-31,58726.537000000004,217416.18099999998,276142.718,155972.671,432115.38899999997,97072.285
2005-09-30,59591.729999999996,213561.856,273153.586,160908.929,434062.515,101347.70799999998
2005-10-31,66304.124,210094.906,276399.02999999997,163515.232,439914.262,99468.93
2005-11-30,63033.727,218400.90899999999,281434.636,162103.055,443537.691,101947.49500000001
2005-12-31,64288.038,219251.036,283539.074,165266.397,448805.471,104542.462
2006-01-31,62306.71099999999,217628.577,279935.288,174076.473,454011.761,101328.415
2006-02-28,61192.325000000004,225930.791,287123.116,177575.849,464698.96499999997,99274.08
2006-03-31,61031.89600000001,229288.842,290320.738,190142.288,480463.026,105070.66500000001
2006-04-30,61822.14200000001,230092.234,291914.376,192885.538,484799.914,102971.65899999999
2006-05-31,62605.535,234442.443,297047.978,191842.147,488890.125,99829.967
2006-06-30,63512.05099999999,237337.733,300849.784,190592.94300000003,491442.727,107359.815
2006-07-31,60918.002,228549.726,289467.728,200977.18699999998,490444.915,106641.915
2006-08-31,60573.168000000005,228420.031,288993.199,209375.37800000003,498368.57700000005,113226.474
2006-09-30,62071.74200000001,231575.05000000002,293646.792,212027.304,505674.096,117479.409
2006-10-31,65817.61399999999,226135.169,291952.783,214249.52400000003,506202.30700000003,112531.512
2006-11-30,64336.889,234169.661,298506.55,217353.46000000002,515860.01,117624.046
2006-12-31,69324.101,243417.69100000002,312741.792,226026.745,538768.537,121499.51599999999
2007-01-31,65309.84400000001,248227.86,313537.704,222623.798,536161.5020000001,121461.28800000003
2007-02-28,65231.681,251586.42,316818.101,230859.834,547677.935,107810.77900000001
2007-03-31,65067.91400000001,257599.53600000002,322667.45,238989.47499999998,561656.925,115764.157
2007-04-30,65658.782,265543.483,331202.265,240689.892,571892.157,120485.69899999998
2007-05-31,65858.096,263833.132,329691.228,249104.353,578795.581,115385.198
2007-06-30,67010.43999999999,266103.99199999997,333114.432,254543.11700000003,587657.549,121646.738
2007-07-31,66247.924,278710.06200000003,344957.98600000003,260701.89500000002,605659.881,120051.86600000001
2007-08-31,65599.206,273381.25299999997,338980.459,263204.272,602184.7309999999,124969.52700000002
2007-09-30,69103.571,284810.316,353913.887,264471.61199999996,618385.499,125748.121
2007-10-31,70074.234,286655.994,356730.228,273395.64800000004,630125.876,119651.172
2007-11-30,70871.211,298115.90099999995,368987.11199999996,278119.753,647106.865,123893.351
2007-12-31,72191.67300000001,311365.062,383556.735,283059.125,666615.86,123139.628
2008-01-31,71425.893,326768.10000000003,398193.993,290823.916,689017.909,126119.29199999999
2008-02-29,70803.61099999999,328321.967,399125.578,293010.708,692136.286,135216.259
2008-03-31,72398.341,339307.701,411706.042,294132.628,705838.67,128201.94299999998
2008-04-30,71433.827,336950.486,408384.31299999997,290815.061,699199.374,127010.413
2008-05-31,74433.64600000001,344438.369,418872.015,283979.234,702851.2490000001,141552.652
2008-06-30,77597.312,351553.161,429150.473,282775.48099999997,711925.9539999999,148770.566
2008-07-31,78577.605,349131.061,427708.66599999997,304354.993,732063.659,144986.36800000002
2008-08-31,76869.631,342308.19800000003,419177.829,318382.251,737560.0800000001,148210.725
2008-09-30,84326.015,333583.282,417909.297,326502.052,744411.349,144041.364
2008-10-31,81865.962,335781.25,417647.212,327910.38300000003,745557.595,155529.524
2008-11-30,83413.18,343191.819,426604.999,345952.037,772557.0360000001,146766.482
2008-12-31,83006.39199999999,342487.68200000003,425494.074,367623.877,793117.951,136006.62
2009-01-31,82917.594,353332.116,436249.70999999996,351728.075,787977.7849999999,140448.815
2009-02-28,83809.017,364553.366,448362.383,351318.998,799681.381,156907.97400000002
2009-03-31,82860.384,376934.74,459795.124,356403.372,816198.496,149402.193
2009-04-30,83248.03499999999,386767.004,470015.039,348358.23699999996,818373.276,159230.889
2009-05-31,84457.26500000001,387304.766,471762.031,344644.684,816406.7150000001,170440.627
2009-06-30,85458.739,390595.37100000004,476054.11000000004,348148.887,824202.997,177700.061
2009-07-31,85523.08099999999,403117.56600000005,488640.64700000006,347397.31299999997,836037.96,175352.758
2009-08-31,85550.091,403895.968,489446.059,335614.64999999997,825060.709,169663.857
2009-09-30,88568.808,404110.359,492679.167,330633.56200000003,823312.729,176612.482
2009-10-31,88059.306,407662.991,495722.29699999996,330418.114,826140.411,177763.05400000003
2009-11-30,93305.08600000001,412928.703,506233.789,342006.538,848240.327,174993.84200000003
2009-12-31,88395.351,433162.212,521557.56299999997,323377.029,844934.592,184009.18899999998
2010-01-31,88355.0640291,443336.925,531691.9890290999,307826.76,839518.7490290999,166051.108
2010-02-28,88599.21476958999,443182.14,531781.35476959,317763.165,849544.5197695899,160305.937
2010-03-31,89822.43005877998,452188.017,542010.44705878,313706.757,855717.20405878,154793.458
2010-04-30,91086.26590965,458302.83,549389.09590965,307590.187,856979.2829096499,145973.391
2010-05-31,90613.9336772,464995.531,555609.4646772,307982.457,863591.9216771999,148730.731
2010-06-30,92422.55834878,484505.481,576928.0393487801,304047.311,880975.35034878,154606.536
2010-07-31,91904.1046847,497230.186,589134.2906847,289681.345,878815.6356847,156004.709
2010-08-31,97559.36653572999,491562.36,589121.72653573,287163.555,876285.28153573,147140.177
2010-09-30,95465.63755183,495813.693,591279.33055183,298173.741,889453.07155183,161482.936
2010-10-31,95638.08847071,499532.86,595170.94847071,283585.237,878756.18547071,162082.669
2010-11-30,96379.09052180001,512708.348,609087.4385218,290399.6,899487.0385218,161790.37
2010-12-31,95519.84768499,530072.227,625592.07468499,298282.546,923874.62068499,156495.171
2011-01-31,99099.95424187,542902.193,642002.1472418699,297566.288,939568.4352418699,161771.141
2011-02-28,99753.89103918,544726.303,644480.19403918,299912.324,944392.51803918,166454.19
2011-03-31,106228.08105395001,583031.552,689259.63305395,304660.711,993920.34405395,168067.648
2011-04-30,112967.9779584,613916.645,726884.6229584,296322.201,1023206.8239584,168889.467
2011-05-31,114696.52434761998,612547.975,727244.49934762,300499.67,1027744.1693476199,164255.292
2011-06-30,116849.97777308001,604970.803,721820.78077308,307014.674,1028835.45477308,159467.777
2011-07-31,116963.42988398002,616560.891,733524.32088398,295960.397,1029484.71788398,163608.581
2011-08-31,129407.04417028002,613067.706,742474.75017028,292382.287,1034857.03717028,162664.111
2011-09-30,120705.09973213999,612790.84,733495.9397321399,299995.026,1033490.96573214,166612.51
2011-10-31,122947.20328307,621250.915,744198.11828307,298663.309,1042861.42728307,179059.683
2011-11-30,119627.93761890002,626976.003,746603.9406189,297492.666,1044096.6066189001,172026.426
2011-12-31,119901.52640616,642093.67,761995.19640616,316400.646,1078395.84240616,161149.603
2012-01-31,120969.50756768999,661492.014,782461.52156769,309211.597,1091673.11856769,168102.317
2012-02-29,122091.69677082999,669217.322,791309.01877083,317047.176,1108356.19477083,161460.002
2012-03-31,122692.86451341,678561.795,801254.6595134101,319556.021,1120810.6805134101,170088.435
2012-04-30,123204.86582632,687235.073,810439.93882632,305293.529,1115733.4678263199,181956.924
2012-05-31,124875.58801618998,685933.584,810809.17201619,309708.735,1120517.90701619,166621.903
2012-06-30,125605.75844218,687117.961,812723.71944218,318544.663,1131268.38244218,170178.301
2012-07-31,127633.29049745001,693063.336,820696.62649745,303386.081,1124082.70749745,172908.165
2012-08-31,133667.69820415,701350.291,835017.9892041499,297007.637,1132025.6262041498,175526.392
2012-09-30,130143.21903666,698201.767,828344.98603666,300923.005,1129267.99103666,197553.673
2012-10-31,137953.33452285998,714167.188,852120.52252286,330751.587,1182872.10952286,180646.043
2012-11-30,132376.77602932003,710579.399,842956.17502932,314186.729,1157142.90402932,185981.827
2012-12-31,133120.72828841,756555.345,889676.07328841,329679.868,1219355.94128841,188717.559
2013-01-31,134124.11492574,765249.714,899373.82892574,327859.154,1227232.98292574,184775.97
2013-02-28,135592.44892669,772142.877,907735.32592669,331047.675,1238783.00092669,175445.31
2013-03-31,135305.73502887,808247.642,943553.3770288699,317928.912,1261482.28902887,178863.262
2013-04-30,135487.64677633002,823729.547,959217.19377633,318919.72,1278136.91377633,189731.277
2013-05-31,138735.91858389002,824772.889,963508.8075838899,325711.779,1289220.58658389,195261.345
2013-06-30,138842.91246035,825888.203,964731.11546035,325796.545,1290527.6604603499,189017.723
2013-07-31,146148.12488792,835271.541,981419.66588792,317097.01,1298516.67588792,188662.601
2013-08-31,141525.01081425,835140.36,976665.37081425,320236.805,1296902.17581425,180798.576
2013-09-30,139043.20607018,827253.259,966296.4650701799,330677.602,1296974.0670701799,198533.05
2013-10-31,144223.84889860998,827058.373,971282.22189861,331415.298,1302697.51989861,196564.869
2013-11-30,144114.46470689002,851560.235,995674.69970689,335553.527,1331228.22670689,193680.918
2013-12-31,143140.03717765,860270.196,1003410.23317765,350266.485,1353676.7181776501,207393.726
2014-01-31,145451.81075886,897072.37,1042524.18075886,344855.221,1387379.4017588599,206168.455
2014-02-28,146169.96768985002,893602.514,1039772.48168985,351780.943,1391553.42468985,206691.73
2014-03-31,146656.71354123,917833.857,1064490.57054123,351479.77,1415970.34054123,218799.51
2014-04-30,149014.79712911003,939512.503,1088527.30012911,353021.334,1441548.63412911,210630.58
2014-05-31,152090.54968102998,939726.981,1091817.53068103,366001.427,1457818.95768103,201764.609
2014-06-30,151494.47654171,941006.028,1092500.50454171,365485.459,1457985.96354171,203460.84
2014-07-31,166626.88856399,938049.512,1104676.40056399,394660.433,1499336.83356399,205575.182
2014-08-31,155527.47552243999,947371.772,1102899.24752244,394967.461,1497866.70852244,194016.582
2014-09-30,158033.85283291,942800.619,1100834.4718329099,406374.752,1507209.22383291,190959.491
2014-10-31,154859.63543477998,943307.557,1098167.19243478,402207.407,1500374.59943478,216712.257
2014-11-30,152822.89132142,957102.384,1109925.27532142,398202.849,1508128.12432142,199995.456
2014-12-31,153750.14311176,991384.41,1145134.55311176,403419.45,1548554.00311176,193335.18
2015-01-31,156892.74767228003,988118.686,1145011.43367228,389441.858,1534453.29167228,179284.506
2015-02-28,169131.20754097,1043789.913,1212921.12054097,392864.867,1605785.98754097,176212.711
2015-03-31,166589.37775913,1053229.895,1219819.27275913,391880.197,1611699.46975913,187659.107
2015-04-30,169439.83703087003,1076095.304,1245535.14103087,367005.144,1612540.2850308698,196732.418
2015-05-31,172397.52426462,1087032.913,1259430.4372646199,380332.098,1639762.5352646199,194446.357
2015-06-30,174016.5636936,1085079.376,1259095.9396936,377944.324,1637040.2636936,193908.667
2015-07-31,179052.89902313,1070536.029,1249588.9280231302,382136.458,1631725.3860231303,186087.528
2015-08-31,172180.82561613,1063494.06,1235674.88561613,386441.249,1622116.13461613,186314.09
2015-09-30,175145.86631435,1067325.841,1242471.70731435,411847.514,1654319.22131435,184640.235
2015-10-31,170848.03439156,1017129.241,1187977.27539156,408832.384,1596809.6593915601,186558.003
2015-11-30,168114.62575814998,1029233.201,1197347.82675815,420331.656,1617679.48275815,184082.782
2015-12-31,168491.79047888,980150.664,1148642.45447888,439377.329,1588019.7834788798,197562.28
2016-01-31,167364.46832426,988161.812,1155526.28032426,425196.319,1580722.59932426,195549.394
2016-02-29,167824.20504096002,982855.854,1150680.0590409602,416813.159,1567493.2180409601,194879.88231743002
2016-03-31,169233.5330036,987565.3114968915,1156798.8445004916,417112.29807053995,1573911.1425710316,214863.80258364847
2016-04-30,170916.16950101004,984155.3920952053,1155071.5615962152,410197.49918377,1565269.0607799853,215064.2565444047
2016-05-31,172229.82994919,989900.4052072725,1162130.2351564625,413540.8026303,1575671.0377867625,197860.13046832746
2016-06-30,181801.6594786,966195.30671965,1147996.96619825,447275.95405599,1595272.9202542398,188327.26500026
2016-07-31,174873.73994797003,967353.56004427,1142227.29999224,434303.60480471,1576530.90479695,188693.49678006998
2016-08-31,173713.19333953998,949234.58041743,1122947.77375697,459001.58447529,1581949.35823226,180528.39721462002
2016-09-30,173468.07739563,944400.9614300099,1117869.03882564,479046.78448179003,1596915.82330743,169274.25446099002
2016-10-31,169267.67561049998,961550.7582083219,1130818.4338188218,502292.841321658,1633111.2751404797,156390.81036415
2016-11-30,169699.63235816002,979428.7783466281,1149128.410704788,492298.07933420996,1641426.490038998,162907.93875207158
2016-12-31,170323.06883444,976086.1988083251,1146409.267642765,496019.30788064003,1642428.575523405,157279.10857184482
2017-01-31,169259.38039515,982424.6968797001,1151684.07727485,474371.32090131997,1626055.39817617,155651.53934897
2017-02-28,167597.20119666998,974813.43108105,1142410.63227772,473163.84166521,1615574.4739429299,148936.63845991
2017-03-31,169762.96960108,997825.09320282,1167588.0628039,471336.48886084,1638924.55166474,153148.74597289003
2017-04-30,168957.09540684,1015473.8618839299,1184430.95729077,448337.19555812003,1632768.15284889,160122.88166844
2017-05-31,170575.57154768,997628.22954257,1168203.80109025,462730.99961374997,1630934.800704,153577.66092511
2017-06-30,184276.19897168,984532.92889011,1168809.12786179,483886.80421785,1652695.9320796398,180169.62733054
2017-07-31,171555.4145055,999993.3813601501,1171548.79586565,487933.5319023,1659482.32776795,156824.55518472998
2017-08-31,175359.30591349,992044.77954539,1167404.08545888,492552.92402632,1659957.0094852,149986.98696216
2017-09-30,170609.52780694998,980252.43381406,1150861.96162101,476453.25227533,1627315.21389634,159111.53071898996
2017-10-31,167435.1908723,997268.13354266,1164703.32441496,447418.8239496,1612122.1483645602,169363.65799158
2017-11-30,169617.01076623,1000745.92672363,1170362.93748986,436644.829761951,1607007.767251811,176836.84500240002
2017-12-31,172046.35069519997,1002467.74800831,1174514.09870351,454152.05919544,1628666.15789895,176505.21473533998
2018-01-31,175110.46370235,1026862.4006637199,1201972.86436607,435841.98250332,1637814.84686939,173156.50974831
2018-02-28,177554.21316646002,1010247.00812307,1187801.22128953,435291.22512028005,1623092.4464098099,179686.3556128
2018-03-31,180821.62861363002,1013261.3495815,1194082.9781951301,436709.84541953,1630792.8236146602,164425.44385337998
2018-04-30,181136.6340819943,1036080.9962894501,1217217.6303714444,411043.14093025005,1628260.7713016944,170149.94205694
2018-05-31,185568.79112441,1034184.4123295901,1219753.203454,410409.58066233003,1630162.78411633,162828.94650991002
2018-06-30,189861.89484327,1022132.06542417,1211993.96026744,425210.41386247,1637204.37412991,179004.59755711
2018-07-31,181774.64627488996,1018978.74858477,1200753.39485966,428288.86324480997,1629042.2581044699,171700.61656906
2018-08-31,184439.60093942,1019772.0590130499,1204211.6599524699,429594.2639866,1633805.9239390697,174166.10644921
2018-09-30,178997.72355044002,1025100.0731598999,1204097.7967103398,430433.19454255997,1634530.9912528999,203390.19857157
2018-10-31,177804.27611674002,1019858.04332242,1197662.31943916,418234.00982569,1615896.32926485,197929.32434472998
2018-11-30,179748.96056768,1029140.05704477,1208889.01761245,427147.85562948,1636036.87324193,185384.5423267
2018-12-31,180132.44599683,1040664.95184748,1220797.39784431,443022.41314937995,1663819.8109936898,189825.56086021
2019-01-31,181104.68177311,1037175.99005592,1218280.67182903,434128.97023343004,1652409.64206246,176286.84494244002
2019-02-28,182250.73938844004,1035438.40716664,1217689.14655508,436425.47221976,1654114.6187748401,177707.11533915
2019-03-31,184719.10812617,1036501.2483910801,1221220.3565172502,429884.96568287,1651105.3222001202,177977.22323654
2019-04-30,185753.15484683003,1055153.1573218699,1240906.3121687,427959.58088577003,1668865.89305447,181135.31187624
2019-05-31,196878.43759666,1061152.56293365,1258031.00053031,444436.80763076,1702467.80816107,181016.72700194002
2019-06-30,190809.98193501,1072291.61913889,1263101.6010739,437183.01986937,1700284.62094327,181977.27553714
2019-07-31,192168.05500693,1069916.47479802,1262084.5298049499,431249.14645243,1693333.6762573798,178199.56081845
2019-08-31,191498.35996743,1091072.3246576,1282570.68462503,428486.94680685,1711057.63143188,185735.17644444
2019-09-30,188213.70171782997,1092951.86713498,1281165.56885281,430363.15651332,1711528.72536613,175922.18560986998
2019-10-31,189036.5483686,1099694.80913498,1288731.35750358,443948.34051332006,1732679.6980169,169827.89160986998
2019-11-30,188430.21514735,1107339.46974172,1295769.68488907,426827.57236667,1722597.25725574,193459.06810573
2019-12-31,189160.26772414,1099151.08319698,1288311.35092112,501666.91848965,1789978.26941077,195161.18214797
2020-01-31,190962.75940521,1091484.86948175,1282447.62888696,490580.72152315,1773028.3504101099,175769.67343902998
2020-02-29,191934.05677929,1133779.6454707799,1325713.70225007,465394.33349686005,1791108.03574693,177291.39500026
2020-03-31,198554.91404857003,1166538.77243888,1365093.68648745,460293.54549686005,1825387.23198431,183655.8062734
2020-04-30,206573.58453448,1198034.61154445,1404608.19607893,447018.44472111,1851626.64080004,184186.529160425
2020-05-31,213586.06763955002,1228184.04946208,1441770.11710163,441352.82018225,1883122.93728388,192195.296824053
2020-06-30,208584.81825026002,1216640.16642162,1425224.98467188,443490.72008286,1868715.70475474,182847.415291057
2020-07-31,213101.88266087003,1207795.59361364,1420897.47627451,443222.94247259997,1864120.4187471098,185578.286178187
2020-08-31,208981.57479023,1227796.64581164,1436778.22060187,444709.12075878,1881487.34136065,193398.894786302
2020-09-30,206931.15328828,1224902.9207132,1431834.07400148,451017.563866,1882851.6378674798,205161.50532718
2020-10-31,207303.52130189,1231847.1369997,1439150.65830159,467579.30887181,1906729.9671733999,200385.012816021
