date,general_cpi,food_beverages_cpi,clothing_cpi,housing_utilities_cpi,transport_cpi
2013-12-31,84.73280166995947,76.8225535391076,112.3736433812655,94.2710712648992,73.1381596647157
2014-12-30,86.28781756661039,77.80472179972325,112.71407773270259,98.15583359267698,73.50519225028522
2015-12-31,87.30942295250038,78.22103661759787,114.17469247100699,100.39625162485612,73.89392577056752
2016-12-31,89.85586892160501,77.09515299354203,114.71731329123406,109.24053906961832,77.94146023175264
2017-12-31,89.08347856289267,76.29294767085601,112.44572010624576,107.73105318215057,77.2419222743785
2018-12-30,91.28678934766971,80.72687564287962,101.09784416495758,104.56171808784767,83.19541544350092
2019-12-31,89.42756458113577,82.5384998401359,100.36530331983225,94.1491253688831,83.28099701149166
2020-12-31,92.27741518646648,89.56154033234178,102.94407710667407,93.55623774160226,84.5938477594404
2021-12-31,95.16565864244212,94.33431219912633,105.047539532778,91.45529748214496,94.1879740985487
2022-12-31,97.58682836825437,98.3471866770588,103.75215114739582,92.9422795160475,98.36347310528515
2023-12-31,100.00103647943666,100.00148906432061,100.00911844688834,100.01289781228162,100.00225805007062
2024-12-31,101.50203261979432,100.7151060008823,96.75785509828484,106.49280152695319,100.2166175164921
2025-01-01,103.56822926289176,101.82503921413927,96.72990929456785,112.97567041478057,100.66312829177576
2013-01-31,84.6344182942838,76.3555736906725,112.041793968782,93.742545046853,73.3619010035404
2013-02-28,84.4431725844894,76.1587360730896,111.978490271421,93.773731370183,73.2326270363822
2013-03-31,84.4317565338258,76.2191414493178,111.948047165816,93.784118864407,73.2396099254702
2013-04-30,84.4531422433047,76.4562517480161,111.795382375727,93.784792269391,73.3495735950364
2013-05-31,84.442363072744,76.4772939023706,111.964722832821,93.7846448348051,73.1124581990572
2013-06-30,84.4590723087948,76.5055945921678,112.399576166563,93.784358082658,73.0309729573995
2013-07-31,84.837575569809,77.0108668997245,112.508259808847,94.6626183693659,73.3015950156874
2013-08-31,84.7892598240037,77.0800106340656,112.830728511854,94.3650430914018,73.0978240818657
2013-09-30,84.8962421596762,77.6160511823843,112.741337664984,94.4494687713197,72.7673785444971
2013-10-31,85.0003627633846,77.4134329006548,112.809560974347,94.5549652419956,72.8754712168157
2013-11-30,85.1576315709877,77.407210762438,112.828789589154,94.926143783556,73.1982932554855
2013-12-31,85.2486231142099,77.1704786343897,112.63703124487,95.6404254528543,73.0902111453509
2014-01-31,85.5834275652062,77.4100643982182,112.279134654508,96.6578228393623,73.1665711441587
2014-02-28,85.7178011196357,77.2837979463991,112.40447205534,97.238311175114,73.4300940140455
2014-03-31,85.740227494861,77.097207723515,112.314129243037,97.7853088023846,73.2345130633719
2014-04-30,86.1220537646568,77.6361612273309,112.398090137131,98.2113058833513,73.2034374411962
2014-05-31,86.1362040114623,77.4693354547976,111.959674994178,98.8233680991477,73.0905311395466
2014-06-30,86.1995252124968,77.3883793465631,112.261078097985,98.4610460990084,73.4246087395528
2014-07-31,86.4577248371029,77.8508217313162,112.824651327336,98.5481937949169,73.7407708467286
2014-08-31,86.5530657403933,77.9201641686102,112.802218706247,98.0824613972345,73.8852990878247
2014-09-30,86.6019836951899,78.4176636849424,113.116046187927,98.0904022701998,73.833658497354
2014-10-31,86.6684786116706,78.4651066820486,113.375517540553,98.3554837814994,73.6397327266031
2014-11-30,86.8229902966007,78.4092692040021,113.479269854985,98.8168914764538,73.5980953770081
2014-12-31,86.8503284500484,78.3086900289356,113.354649993204,98.7994074934512,73.8149949260325
2015-01-31,87.0245005381817,78.1555923088962,113.298910714199,99.5889425841697,73.8122971778216
2015-02-28,86.9151675822107,77.8201176914563,113.583330461146,99.7981413382614,73.8370683625539
2015-03-31,87.0480159209438,77.9363882833676,113.613288877993,100.011958121325,73.8886381024403
2015-04-30,87.0740916434707,78.1708212011548,113.649766505901,99.8255190060694,73.8878313794445
2015-05-31,87.2440825201378,78.2611727593789,113.829566667788,100.350788829238,74.0754487317909
2015-06-30,87.3134019236427,78.3043859627045,114.287907182152,100.100137551187,74.1346785461328
2015-07-31,87.3987587139849,78.2601204772921,114.635834623811,100.436222147061,74.2045655880475
2015-08-31,87.3531286403988,78.1193465933925,114.281598937293,100.499106308994,73.956277643814
2015-09-30,87.3947908591411,78.6144704287532,114.333918412159,100.181643545459,73.9134166497393
2015-10-31,87.560938491584,78.7678858144613,114.869388067811,100.617535376472,73.7319561946449
2015-11-30,87.6796415439437,78.0230972639333,114.96019750546,101.52753644443,73.711335188004
2015-12-31,87.7065570523648,78.2190406263838,114.752601696371,101.817488245607,73.5735956823765
2016-01-31,89.8591497534277,78.1258862225659,114.925145847659,108.176884063013,78.5304643378518
2016-02-29,89.959437235891,77.7119429734688,115.031001260785,109.147154987381,78.4902000175756
2016-03-31,89.9701626464581,77.2670709069988,114.41454345716,109.088220673683,78.6270701025493
2016-04-30,90.0527955010627,77.4082406862935,114.706571161436,109.454875328006,78.2392825490438
2016-05-31,89.9587799062551,76.9026470220667,114.273607520112,109.595441198425,78.0671482937321
2016-06-30,89.9447866005492,77.0714491049547,115.742991039503,109.735378252053,77.5485531280107
2016-07-31,90.0552972065885,77.0348942331372,115.424191546719,109.62711698855,78.1327768718084
2016-08-31,89.8773827006402,76.7372823034007,114.670929450215,109.675158784482,77.7102463768976
2016-09-30,89.9312627205556,77.1753657071498,115.025660007019,109.593562318566,77.5845678527646
2016-10-31,89.8412833171643,77.0017319098454,114.649123738612,109.371970420336,77.5335770493407
2016-11-30,89.5179652741657,76.5975872497488,114.090822523823,108.708641519839,77.6056627149584
2016-12-31,89.3021241965021,76.1077376028742,113.653171941766,108.712064301086,77.2279734864987
2017-01-31,89.229000962443,75.6067856013173,113.475903399732,108.611199416599,77.2702692266075
2017-02-28,89.3889381227214,76.201072026867,113.420641342452,108.540402988004,77.4018584465367
2017-03-31,89.2652370199514,76.3572719134532,113.106560384101,108.034367179868,77.3292943573804
2017-04-30,89.318882971073,76.7527228004272,113.498056846882,107.919057068341,77.4464809516485
2017-05-31,89.2864957894712,76.6169840516488,113.255110116473,107.987117928509,77.4803752488334
2017-06-30,89.2042962602512,76.3484915307307,113.559559850835,107.796407974915,77.3337718789979
2017-07-31,89.1842989718695,76.3484915307307,113.559559850835,107.701920076523,77.3337718789979
2017-08-31,89.0273325114693,76.3484915307307,113.559559850835,106.962387449241,77.3337718789979
2017-09-30,89.177122120525,76.5387552982106,111.855514858316,108.353788199973,77.0032052297838
2017-10-31,89.0106768029478,76.4390698357699,110.98279214092,108.077760364796,77.0598077576408
2017-11-30,88.5478452817561,75.9543122098413,110.045148984976,106.734540994707,76.9429996203931
2017-12-31,88.3616159402331,76.0029237205446,109.030233648592,106.053688544331,76.967460816724
2018-01-31,91.9620528466753,80.0086568097827,101.370532607421,108.123186542174,83.535920787726
2018-02-28,92.0004896345304,80.2722910686766,101.381532244072,108.032252051987,83.4197040886791
2018-03-31,91.8369261984879,79.995694162507,101.802422401219,107.531203419498,83.3987794030481
2018-04-30,91.6532944662567,80.2988130996196,101.168344412693,106.684747654976,83.1270750211295
2018-05-31,91.3345731069277,79.7932745486816,100.827283306867,105.939485236316,83.0307213854228
2018-06-30,91.3932009403464,80.3989771838361,101.473219578558,105.17238555926,83.1934795427785
2018-07-31,91.310582745814,81.1020357794032,101.028337165267,104.057583304906,83.1755486849188
2018-08-31,91.1743410057841,81.02644161877,100.93254273429,103.368308735152,83.2493729870084
2018-09-30,91.0722529528999,81.4515115623625,101.155056597446,102.724564224587,83.2112612977471
2018-10-31,90.8135010522173,81.655760378904,100.73126042405,101.890520148071,82.9600124534395
2018-11-30,90.6062893906822,81.5853812252609,100.608058699107,101.015906169797,83.0952905061793
2018-12-31,90.2839678314146,81.1336702767511,100.695539808501,100.200474007448,82.9478191639339
2019-01-31,89.4133783609983,81.9279684085637,100.312896862165,95.9036434981441,82.4831767445363
2019-02-28,89.2042475161829,81.7169098246508,100.341989191604,95.2866140439525,82.4370834489736
2019-03-31,89.1153371388409,81.8425433267849,100.443114446257,94.9754629704553,82.3351066350171
2019-04-30,89.1048627121574,81.9293254701995,100.248089670716,94.5306010779712,83.0426917057031
2019-05-31,89.1642630618909,82.1100937532675,101.194605548559,94.2127120616555,83.1060359430684
2019-06-30,89.3039085663095,82.2888182931289,100.936819326921,93.8331033279926,83.6150346984032
2019-07-31,89.4621800382776,82.0462915526176,100.70434624308,93.8302752575198,84.1445742623948
2019-08-31,89.5539022615785,82.743146963675,100.868949570107,93.4784340367523,83.9299088864635
2019-09-30,89.7510547047924,83.3774024140092,99.8592739729622,93.5697361490237,83.7765146486269
2019-10-31,89.6652285312904,83.5249169763713,99.7364763252619,93.3602454068908,83.5077622784556
2019-11-30,89.4924772351012,83.4395544372264,99.7036608944989,92.6581961602901,83.599798214693
2019-12-31,89.8999348462093,83.515026661136,100.033417785855,94.1504804359493,83.3942766715645
2020-01-31,89.7967380454326,83.398987806057,99.5435920295973,93.570238022073,83.3941922226161
2020-02-29,89.9759339286719,84.1844764294443,99.4554799478456,94.1908534312135,83.6884769223108
2020-03-31,90.0976785190243,84.738119587356,100.136704156014,93.8920538173855,83.8038130483072
2020-04-30,89.922977168917,86.332741667955,100.16105148595,93.4045040199184,80.6463059592571
2020-05-31,89.6430466554639,87.0823162457872,100.343830416924,93.2530994064435,77.3981486414902
2020-06-30,89.2929974566773,86.70315553904,99.0026622283572,92.5362515419451,76.6766377253161
2020-07-31,94.8915657155394,93.2719284076781,106.126683654629,94.232323134644,86.9273246097662
2020-08-31,95.007683005399,93.4768322525437,106.5393291546,93.8183210337948,88.2417031420372
2020-09-30,94.6885265054219,93.5999283471094,105.735839846112,93.8660136527521,88.8178595679552
2020-10-31,94.875234597165,94.1397957132845,106.328149373207,93.894207236612,88.2950620769157
2020-11-30,94.6343749679273,94.0434911786808,106.167144356182,93.101195153828,88.8137333317076
2020-12-31,94.502225671958,93.7667108131654,105.788458630671,92.9157924486172,88.4229158656054
2021-01-31,94.6148550376964,93.3326880615639,104.974036031763,92.8181577897111,89.7188209797828
2021-02-28,94.5122634774006,93.2598649291927,105.075150152539,92.0051508592823,90.7420523216086
2021-03-31,94.5045034724614,93.1019757452782,104.669701192856,91.6623560248165,91.8588762851178
2021-04-30,94.667963187881,93.420487701947,105.101130240367,91.4703907393306,92.7357186891332
2021-05-31,94.8299516144244,93.747405629606,105.236410961223,91.2969966180486,93.6482648331798
2021-06-30,94.9811061670876,94.0120783820439,104.874753072796,90.9512938432287,95.625905383172
2021-07-31,95.222856802259,94.4527810801629,105.421273677622,90.7881462322165,95.8539439844241
2021-08-31,95.3239333278941,95.2149068988766,105.231487942606,90.6426363499687,95.8052133926832
2021-09-30,95.4723391835908,95.7092836607931,104.821298498866,90.9466049719628,96.0053478229246
2021-10-31,95.8694034546192,95.34976392198,105.296381393731,91.667397799093,95.759546912852
2021-11-30,95.9865419169588,95.4117263591083,105.110038435311,91.6518809260154,95.9683404172807
2021-12-31,96.0021860670322,94.9987840189635,104.758812793656,91.5625576320654,96.5336581604255
2022-01-31,96.0764137614778,95.4077431654168,103.949151890774,91.3793864483867,96.5007041785015
2022-02-28,96.3121953699011,95.7105685306396,104.038879103382,91.5659275181245,97.1719682293069
2022-03-31,96.466774040705,96.0733067075695,104.226852078364,91.6726573455785,97.9040243179728
2022-04-30,96.816084664795,97.680869519319,104.734306970076,91.5150711901111,98.1047196318884
2022-05-31,97.0163487479596,98.2293936589739,103.695724781929,91.6148119472726,97.968900244759
2022-06-30,97.2442195247877,98.6949253272305,103.836546684232,91.7549892930881,98.3256344116143
2022-07-31,97.7373734073246,98.7650168276903,104.222742262531,92.3494381440333,99.2735404401286
2022-08-31,98.1447822240644,99.5196960937462,104.196436610902,92.7622554866327,99.3151372389346
2022-09-30,98.340203301363,100.468657057866,103.332379310654,93.7804498429994,98.8413371118577
2022-10-31,98.8014873657292,100.282735854042,103.316339951433,94.5251040450484,98.8463611774666
2022-11-30,98.9470870203327,99.7880522568929,102.876928529945,95.7542306108681,98.7795111853792
2022-12-31,99.1389709906122,99.5452751253189,102.599525594528,96.6330323204266,99.3298390956123
2023-01-31,99.2873474031424,99.877013822837,101.196957945059,97.2575720460195,99.1361906260474
2023-02-28,99.4390847957539,99.5912419818781,101.063557412247,98.1311333498082,98.8897648596706
2023-03-31,99.5792597517556,99.2044455659856,101.297923262029,98.4538667930775,99.883948747128
2023-04-30,99.854189301909,99.5693204913842,101.725652100974,98.8403120184648,99.5318585491842
2023-05-31,99.7014024965507,99.5265494514928,101.145251554993,99.3180913701671,99.4967021616912
2023-06-30,99.7962928279252,99.5240729322751,100.684759912976,99.7800403832003,99.4618042356001
2023-07-31,100.149399151187,100.113491283866,100.030185147462,100.137722225721,100.917976901712
2023-08-31,100.163659347875,99.9735674460196,99.4191096759129,100.772511564607,100.456606930582
2023-09-30,100.151905574683,100.180378202234,99.3048795639618,101.19367348363,100.26169205903
2023-10-31,100.406499142167,100.694758136532,98.7831539290133,101.529522335344,101.03954070158
2023-11-30,100.738092248107,101.032981330269,98.0099532393128,102.182540393322,100.550184757486
2023-12-31,100.745305712184,100.730048127074,97.4480376187192,102.557787784018,100.400826071136
2024-01-31,100.953331227056,100.913885511879,97.0063889769205,103.092146573901,100.568223419462
2024-02-29,101.007802809256,100.491801216594,96.7652875913088,103.614498515104,100.853851426273
2024-03-31,100.818054719826,99.9642413120626,96.4805018107438,104.029570211461,100.320442806396
2024-04-30,101.270265863124,100.463759052381,97.1248137542951,104.522159572423,101.087547615738
2024-05-31,101.338876333002,100.858217906981,97.0017140289601,105.050772197232,100.703657781363
2024-06-30,101.619482549112,100.933484671977,97.3612091693832,105.618015575111,101.263273628497
2024-07-31,101.498970045617,100.670588661516,97.0379469576281,106.462893198913,100.30287780174
2024-08-31,101.550598687315,100.745779352064,96.7218840481541,107.309503653433,100.050216766707
2024-09-30,101.616781705711,100.832503776208,96.5059182673582,108.421342096458,99.1920870534085
2024-10-31,101.898118228387,100.873815625611,96.4851197253067,109.414497368667,99.2269893555559
2024-11-30,102.25280138818,100.873994696507,96.4394364658246,109.958817365158,99.5813538020201
2024-12-31,102.199307880946,100.959200226807,96.1640403835346,110.419401995577,99.4488887407447
2025-01-31,102.604933241988,101.442833374151,96.29389672483,110.808584599657,99.7197903287381
2025-02-28,102.717325940058,101.109656557523,96.4759163385909,111.232538225576,100.028705934717
2025-03-31,102.958046861038,101.372837612324,96.9071532627296,111.731715729418,100.249910462173
2025-04-30,103.348297056705,101.919254472916,96.9396390496461,112.091345589943,100.461303133695
2025-05-31,103.461133924471,101.86812560918,96.7118850070832,112.490424164015,100.570738928547
2025-06-30,103.628857863432,101.863630811097,96.8721779177238,112.768013945764,100.794091062223
2025-07-31,103.751080876088,101.722873208342,96.9035025715535,113.05040352682,101.211794698214
2025-08-31,103.894937967031,101.805165616015,96.9424664463424,113.555047708069,101.219876167546
2025-09-30,103.83056832914,101.924040885192,96.6157341902965,114.009680995938,100.819596589127
2025-10-31,104.12271419106,102.396678882358,96.7750996634391,114.347144101006,100.816263299793
2025-11-30,104.196719734602,102.20273604634,96.7540227581542,114.674761942052,101.07635207142
2025-12-31,104.304135169088,102.272637494233,96.5674176044248,114.948384449109,100.989116825116
