date,repo_rate,reverse_repo_rate,saibor_3m,sama_bills_1w,sama_bills_4w,sama_bills_13w
2007-12-31,5.5,4.0,4.905105,4.75119166666667,4.76651666666667,4.80735833333333
2008-12-31,2.5,1.5,3.28457917336521,2.51954329166667,2.95556291666667,3.18836666666667
2009-12-31,2.0,0.25,0.911300286087369,0.2233875,0.286664722222222,0.461928472222222
2010-12-31,2.0,0.25,0.735862703846154,0.136204166666667,0.191825,0.382495833333333
2011-12-31,2.0,0.25,0.694466619183286,0.121291666666667,0.188066666666667,0.332176666666667
2012-12-31,2.0,0.25,0.91631625,0.116965,0.212303333333333,0.385695
2013-12-31,2.0,0.25,0.953235796901451,0.1143925,0.2810525,0.489888541666667
2014-12-31,2.0,0.25,0.935765467171717,0.121350833333333,0.320385,0.5105235
2015-12-31,2.0,0.5,0.879691666666667,0.1431875,0.309040833333333,0.466660833333333
2016-12-31,2.0,0.75,2.06617265065053,0.474028333333333,0.963574166666667,1.1213075
2017-12-31,2.0,1.5,1.81166836013473,0.798477,0.927491819444444,1.14688508333333
2018-12-31,3.0,2.5,2.45098221187026,1.85566916666667,1.924275,2.07430083333333
2019-12-31,2.25,1.75,2.63184506109621,2.2844375,2.31964166666667,2.37890916666667
2020-12-31,1.0,0.5,1.1922916801841124,0.7597116666666668,0.8306683333333333,0.8811616666666667
2021-12-31,1.0,0.5,0.8099914578691756,0.5103516666666666,0.5556850000000001,0.5907366666666666
2022-12-31,5.0,4.5,3.1254128924010476,2.0297633333333334,2.1065733333333334,2.3396508333333332
2023-12-31,6.0,5.5,5.930440041988725,5.215694166666665,5.252180833333333,5.376541666666667
2024-12-31,5.0,4.5,6.019712269887564,5.349776666666666,5.3579083333333335,5.362514999999999
2025-12-31,4.25,3.75,5.305789713325654,4.478233333333334,4.494766666666667,4.5128416666666675
2007-01-31,5.5,4.7,4.96813,4.6463,4.7162,4.8062
2007-02-28,5.5,5.0,5.24125,4.8655,4.937,5.014
2007-03-31,5.5,5.0,5.05125,4.8875,4.9118,4.9712
2007-04-30,5.5,5.0,5.05063,4.8272,4.8553,4.9071
2007-05-31,5.5,5.0,5.045,4.8432,4.857,4.9016
2007-06-30,5.5,5.0,5.03875,4.8447,4.8575,4.904
2007-07-31,5.5,5.0,5.03,4.851,4.8606,4.8925
2007-08-31,5.5,5.0,5.03375,4.8611,4.8558,4.885
2007-09-30,5.5,5.0,5.09,4.9215,4.9187,4.9442
2007-10-31,5.5,5.0,4.9975,4.836,4.8924,4.904
2007-11-30,5.5,4.25,4.28,4.6133,4.5114,4.5235
2007-12-31,5.5,4.0,4.035,4.017,4.0245,4.035
2008-01-31,5.5,3.0,2.99609375,3.37346,3.73031,3.71375
2008-02-29,5.5,3.0,2.99609375,2.85208,2.85563,2.85063
2008-03-31,5.5,2.25,2.26,2.2675,2.29375,2.61313
2008-04-30,5.5,2.25,1.94684981684982,2.10887,2.13094,2.14875
2008-05-31,5.5,2.0,2.33451923076923,1.94698,2.05094,2.1575
2008-06-30,5.5,2.0,3.21168269230769,2.314632,2.841,3.079
2008-07-31,5.5,2.0,3.71814814814815,2.42119,3.285,3.580625
2008-08-31,5.5,2.0,4.01199538461538,2.4659,3.49625,3.84843
2008-09-30,5.5,2.0,4.32355769230769,2.820535,3.7895325,4.1521875
2008-10-31,4.0,2.0,4.56918269230769,3.37107,4.08219,4.43406
2008-11-30,3.0,2.0,3.90865384615385,2.6894,2.9659,3.3109
2008-12-31,2.5,1.5,3.13817307692308,1.6029025,1.9453125,2.3714375
2009-01-31,2.0,0.75,1.77043269230769,0.57275,0.6065,0.862375
2009-02-28,2.0,0.75,1.151875,0.357,0.4498,0.65
2009-03-31,2.0,0.75,1.14949074074074,0.3412,0.44946,0.6296
2009-04-30,2.0,0.5,1.04223615384615,0.27525,0.35775,0.50925
2009-05-31,2.0,0.5,0.886562692307692,0.1845,0.245,0.3835
2009-06-30,2.0,0.25,0.740515,0.1732,0.2304,0.33
2009-07-31,2.0,0.25,0.647410384615385,0.12325,0.16625,0.25625
2009-08-31,2.0,0.25,0.645242307692308,0.123,0.1654,0.274
2009-09-30,2.0,0.25,0.649903846153846,0.127,0.183666666666667,0.334666666666667
2009-10-31,2.0,0.25,0.715384615384615,0.1295,0.1805,0.3925
2009-11-30,2.0,0.25,0.768664230769231,0.132,0.18,0.4495
2009-12-31,2.0,0.25,0.767885769230769,0.142,0.22525,0.4715
2010-01-31,2.0,0.25,0.771957307692308,0.1375,0.1905,0.4325
2010-02-28,2.0,0.25,0.769822692307692,0.1345,0.181,0.406
2010-03-31,2.0,0.25,0.739325,0.1375,0.1845,0.35925
2010-04-30,2.0,0.25,0.7256904,0.133,0.17975,0.34725
2010-05-31,2.0,0.25,0.7267204,0.1302,0.1722,0.3382
2010-06-30,2.0,0.25,0.7260628,0.13375,0.185,0.35125
2010-07-31,2.0,0.25,0.725809230769231,0.138,0.189,0.354
2010-08-31,2.0,0.25,0.720120384615385,0.138,0.185,0.355
2010-09-30,2.0,0.25,0.72,0.138,0.1875,0.3625
2010-10-31,2.0,0.25,0.728602307692308,0.138,0.2037,0.4193
2010-11-30,2.0,0.25,0.728602307692308,0.138,0.21875,0.431
2010-12-31,2.0,0.25,0.747639615384616,0.138,0.225,0.4337
2011-01-31,2.0,0.25,0.75,0.133,0.212,0.3908
2011-02-28,2.0,0.25,0.75,0.133,0.18967,0.3963
2011-03-31,2.0,0.25,0.75,0.128,0.203,0.39175
2011-04-30,2.0,0.25,0.75,0.128,0.2005,0.39
2011-05-31,2.0,0.25,0.733744814814815,0.125,0.192,0.385
2011-06-30,2.0,0.25,0.660793461538462,0.12175,0.1905,0.33
2011-07-31,2.0,0.25,0.612259615384615,0.11925,0.17975,0.29075
2011-08-31,2.0,0.25,0.6,0.113,0.1735,0.27275
2011-09-30,2.0,0.25,0.6002,0.112,0.171,0.262
2011-10-31,2.0,0.25,0.664484615384615,0.112,0.176,0.2868
2011-11-30,2.0,0.25,0.712188461538462,0.117,0.191,0.30767
2011-12-31,2.0,0.25,0.749928461538462,0.1135,0.17788,0.2823
2012-01-31,2.0,0.25,0.796548846153846,0.117,0.1825,0.329
2012-02-29,2.0,0.25,0.835221538461539,0.117,0.18475,0.33975
2012-03-31,2.0,0.25,0.865135,0.118,0.19625,0.35475
2012-04-30,2.0,0.25,0.888971923076923,0.1175,0.2015,0.36575
2012-05-31,2.0,0.25,0.906346538461538,0.1195,0.19925,0.37575
2012-06-30,2.0,0.25,0.923293461538462,0.1175,0.203,0.38125
2012-07-31,2.0,0.25,0.944086923076923,0.11986,0.20266,0.36826
2012-08-31,2.0,0.25,0.950456923076923,0.12257,0.20489,0.37643
2012-09-30,2.0,0.25,0.955565384615385,0.11212,0.20935,0.384
2012-10-31,2.0,0.25,0.966226153846154,0.11212,0.23469,0.41386
2012-11-30,2.0,0.25,0.973653846153846,0.11212,0.25437,0.443
2012-12-31,2.0,0.25,0.990288461538462,0.11829,0.27443,0.49654
2013-01-31,2.0,0.25,0.995673076923077,0.11983,0.26964,0.498
2013-02-28,2.0,0.25,0.982765384615385,0.11983,0.23764,0.492
2013-03-31,2.0,0.25,0.949259259259259,0.11726,0.24996,0.4550025
2013-04-30,2.0,0.25,0.946134444444445,0.11201,0.26828,0.49092
2013-05-31,2.0,0.25,0.965625384615384,0.108,0.279,0.488
2013-06-30,2.0,0.25,0.9628,0.108,0.29302,0.499
2013-07-31,2.0,0.25,0.961652173913043,0.108,0.28535,0.50399
2013-08-31,2.0,0.25,0.958133125,0.11023,0.27199,0.46534
2013-09-30,2.0,0.25,0.9548125,0.108,0.29197,0.48901
2013-10-31,2.0,0.25,0.95745652173913,0.108,0.30398,0.49701
2013-11-30,2.0,0.25,0.958285,0.12549,0.29196,0.47241
2013-12-31,2.0,0.25,0.846232692307692,0.12806,0.32984,0.52798
2014-01-31,2.0,0.25,0.95795,0.12806,0.31669,0.51132
2014-02-28,2.0,0.25,0.952102272727273,0.12806,0.32936,0.528
2014-03-31,2.0,0.25,0.951363636363637,0.12806,0.32936,0.528
2014-04-30,2.0,0.25,0.951590909090909,0.12137,0.32936,0.528002
2014-05-31,2.0,0.25,0.951607142857143,0.12137,0.32936,0.528
2014-06-30,2.0,0.25,0.952045454545455,0.12137,0.32936,0.528
2014-07-31,2.0,0.25,0.95,0.12137,0.32936,0.52666
2014-08-31,2.0,0.25,0.947380952380952,0.12137,0.32936,0.52666
2014-09-30,2.0,0.25,0.940357142857143,0.12137,0.32936,0.52666
2014-10-31,2.0,0.25,0.9211,0.12137,0.32936,0.50266
2014-11-30,2.0,0.25,0.891488095238095,0.11392,0.298,0.47366
2014-12-31,2.0,0.25,0.8622,0.10852,0.26569,0.41866
2015-01-31,2.0,0.25,0.8564,0.11315,0.25918,0.41267
2015-02-28,2.0,0.25,0.8169,0.12806,0.24137,0.40532
2015-03-31,2.0,0.25,0.7753,0.12613,0.24102,0.40034
2015-04-30,2.0,0.25,0.7727,0.12549,0.24214,0.39894
2015-05-31,2.0,0.25,0.7741,0.12549,0.25134,0.39768
2015-06-30,2.0,0.25,0.775,0.12883,0.23965,0.391
2015-07-31,2.0,0.25,0.7769,0.1261,0.247,0.395
2015-08-31,2.0,0.25,0.8254,0.14349,0.28334,0.4313
2015-09-30,2.0,0.25,0.8824,0.14812,0.32338,0.47068
2015-10-31,2.0,0.25,0.9336,0.14812,0.36702,0.52
2015-11-30,2.0,0.25,1.0347,0.15647,0.3967,0.56367
2015-12-31,2.0,0.5,1.3329,0.2488,0.61635,0.81333
2016-01-31,2.0,0.5,1.64083333333333,0.392,0.8424,1.0331
2016-02-29,2.0,0.5,1.73380857142857,0.4278,0.9493,1.1267
2016-03-31,2.0,0.5,1.77264428571429,0.4597,0.9891,1.1675
2016-04-30,2.0,0.5,1.912216,0.4815,1.0673,1.2497
2016-05-31,2.0,0.5,2.0985280952381,0.4899,1.228,1.4383
2016-06-30,2.0,0.5,2.20783523809524,0.5963,1.2534,1.4357
2016-07-31,2.0,0.5,2.226226875,0.4766,0.9066,1.02999
2016-08-31,2.0,0.5,2.27104347826087,0.482,0.9283,1.054
2016-09-30,2.0,0.5,2.34453333333333,0.4878,0.9263,1.066
2016-10-31,2.0,0.5,2.37163636363636,0.5401,0.9112,1.0462
2016-11-30,2.0,0.5,2.17390909090909,0.45848,0.83247,0.94016
2016-12-31,2.0,0.75,2.04085714285714,0.39616,0.72852,0.86834
2017-01-31,2.0,0.75,2.02091304347826,0.400866,0.671154,0.849338
2017-02-28,2.0,0.75,1.892975,0.385538,0.621372,0.805938
2017-03-31,2.0,1.0,1.74568181818182,0.50122,0.6588575,0.8897475
2017-04-30,2.0,1.0,1.7468,0.67676,0.82696,1.01005
2017-05-31,2.0,1.0,1.72625,0.71475,0.81944,1.06089
2017-06-30,2.0,1.25,1.75,0.77463,0.884853333333333,1.1428
2017-07-31,2.0,1.25,1.79340909090909,0.91199,0.995595,1.2026975
2017-08-31,2.0,1.25,1.79684523809524,0.96272,1.02882,1.28153
2017-09-30,2.0,1.25,1.79359375,0.99521,1.08474,1.34089
2017-10-31,2.0,1.25,1.7923,1.00537,1.10525,1.34824
2017-11-30,2.0,1.25,1.8078,1.0568,1.1443,1.3672
2017-12-31,2.0,1.5,1.87345238095238,1.19587,1.28856,1.4633
2018-01-31,2.0,1.5,1.8929,1.2824,1.3473,1.5088
2018-02-28,2.0,1.5,1.8952,1.2788,1.4174,1.5873
2018-03-31,2.25,1.75,2.0745,1.5234,1.6332,1.7373
2018-04-30,2.25,1.75,2.3227,1.7444,1.7653,1.8868
2018-05-31,2.25,1.75,2.4163,1.7556,1.8138,2.0203
2018-06-30,2.5,2.0,2.5046,1.8865,1.9551,2.1207
2018-07-31,2.5,2.0,2.6075,2.006,2.0557,2.1842
2018-08-31,2.5,2.0,2.6079,2.0094,2.0697,2.2002
2018-09-30,2.75,2.25,2.6422,2.0137,2.1199,2.267
2018-10-31,2.75,2.25,2.73864130434783,2.20023,2.23568,2.35799
2018-11-30,2.75,2.25,2.8052380952381,2.24339,2.28046,2.46627
2018-12-31,3.0,2.5,2.90410714285714,2.32421,2.39776,2.55475
2019-01-31,3.0,2.5,2.97086956521739,2.52329,2.59081,2.71994
2019-02-28,3.0,2.5,2.9403125,2.54415,2.61818,2.7389
2019-03-31,3.0,2.5,2.89166666666667,2.53102,2.59937,2.70422
2019-04-30,3.0,2.5,2.85761363636364,2.52394,2.57284,2.66808
2019-05-31,3.0,2.5,2.85071428571429,2.52679,2.57133,2.65283
2019-06-30,3.0,2.5,2.7563725,2.46341,2.46484,2.46594
2019-07-31,3.0,2.5,2.68024956521739,2.44492,2.44605,2.44721
2019-08-31,2.75,2.25,2.47901875,2.15059,2.15219,2.15343
2019-09-30,2.5,2.0,2.38224428571429,2.1064,2.10868,2.11051
2019-10-31,2.25,1.75,2.30527913043478,2.04829,2.05807,2.06898
2019-11-30,2.25,1.75,2.2302855,1.78674,1.84005,1.91452
2019-12-31,2.25,1.75,2.23751434782609,1.76371,1.81329,1.90235
2020-01-31,2.25,1.75,2.2170005,1.76594,1.84538,1.94556
2020-02-29,2.25,1.75,2.1397145,1.75624,1.8042,1.84955
2020-03-31,1.0,0.5,1.30190481481481,0.94083,0.99573,1.03885
2020-04-30,1.0,0.5,1.22807615384615,0.53594,0.62234,0.69861
2020-05-31,1.0,0.5,1.1293,0.52644,0.60916,0.66694
2020-06-30,1.0,0.5,1.0264,0.51189,0.58874,0.63465
2020-07-31,1.0,0.5,0.9557,0.5102,0.58223,0.6276
2020-08-31,1.0,0.5,0.9106,0.50996,0.57926,0.62176
2020-09-30,1.0,0.5,0.8817,0.52239,0.58974,0.62176
2020-10-31,1.0,0.5,0.856008064516129,0.51627,0.58804,0.62064
2020-11-30,1.0,0.5,0.83783,0.51022,0.58308,0.62001
2020-12-31,1.0,0.5,0.823266129032258,0.51022,0.58012,0.62801
2021-01-31,1.0,0.5,0.817096774,0.51022,0.58012,0.63001
2021-02-28,1.0,0.5,0.80776,0.51022,0.57761,0.62063
2021-03-31,1.0,0.5,0.796814516129033,0.51012,0.56606,0.60201
2021-04-30,1.0,0.5,0.796997,0.51022,0.57007,0.60001
2021-05-31,1.0,0.5,0.792075483870967,0.51015,0.56004,0.58834
2021-06-30,1.0,0.5,0.791954333333334,0.51022,0.55002,0.58501
2021-07-31,1.0,0.5,0.7931,0.51015,0.55001,0.58501
2021-08-31,1.0,0.5,0.795068709677419,0.51022,0.55001,0.58501
2021-09-30,1.0,0.5,0.800521,0.51022,0.54203,0.57701
2021-10-31,1.0,0.5,0.81668064516129,0.51267,0.54258,0.57626
2021-11-30,1.0,0.5,0.83819,0.51267,0.54258,0.57252
2021-12-31,1.0,0.5,0.873639032258065,0.50714,0.53709,0.56702
2022-01-31,1.0,0.5,0.936643870967742,0.50508,0.52881,0.55877
2022-02-28,1.0,0.5,1.19866321428571,0.51768,0.54255,0.57252
2022-03-31,1.25,0.75,1.95853322580645,0.62617,0.67006,0.71902
2022-04-30,1.25,0.75,2.36750633333333,0.77254,0.82505,0.88128
2022-05-31,1.75,1.25,2.66007580645161,1.27678,1.31672,1.37667
2022-06-30,2.25,1.75,3.116236,1.49424,1.534,1.594
2022-07-31,3.0,2.5,2.900008387,1.78275,1.81503,1.87501
2022-08-31,3.0,2.5,3.028,2.54018,2.59009,2.65802
2022-09-30,3.75,3.25,3.49454933333333,2.93274,3.02757,3.59752
2022-10-31,3.75,3.25,4.97280096774193,3.58,3.8175,4.525
2022-11-30,4.5,4.0,5.58982466666666,3.934,4.094,4.718
2022-12-31,5.0,4.5,5.28211290322581,4.395,4.5175,5.0
2023-01-31,5.0,4.5,5.38134032258065,4.67,4.72,5.105
2023-02-28,5.25,4.75,5.52829928571429,4.72333,4.77667,5.06333
2023-03-31,5.5,5.0,5.57501129032258,4.828,4.88,5.066
2023-04-30,5.5,5.0,5.72605,5.01,5.03,5.1
2023-05-31,5.75,5.25,5.82891677419355,5.212,5.234,5.288
2023-06-30,5.75,5.25,5.935326,5.26,5.28,5.33667
2023-07-31,6.0,5.5,5.95436032258064,5.29,5.3625,5.49
2023-08-31,6.0,5.5,6.09334347826087,5.52,5.554,5.656
2023-09-30,6.0,5.5,6.21910476190476,5.52,5.5575,5.6575
2023-10-31,6.0,5.5,6.28293545454546,5.52,5.5525,5.6175
2023-11-30,6.0,5.5,6.319900909,5.52,5.544,5.586
2023-12-31,6.0,5.5,6.32069190476191,5.515,5.535,5.5525
2024-01-31,6.0,5.5,6.23185086956522,5.5098,5.5216,5.5298
2024-02-29,6.0,5.5,6.24232714285714,5.50925,5.5185,5.523
2024-03-31,6.0,5.5,6.22258904761905,5.51,5.52,5.523
2024-04-30,6.0,5.5,6.21223818181818,5.51067,5.52,5.52333
2024-05-31,6.0,5.5,6.25195695652174,5.51,5.518,5.5212
2024-06-30,6.0,5.5,6.2675335,5.51025,5.517,5.521
2024-07-31,6.0,5.5,6.21467260869565,5.51,5.516,5.5196
2024-08-31,6.0,5.5,6.10564772727272,5.50875,5.51375,5.51475
2024-09-30,5.5,5.0,5.81715266666667,5.39175,5.401,5.403
2024-10-31,5.5,5.0,5.61646193548387,5.0716,5.0748,5.079
2024-11-30,5.25,4.75,5.52957466666667,4.898,4.9055,4.91375
2024-12-31,5.0,4.5,5.52454193548387,4.75725,4.76875,4.77875
2025-01-31,5.0,4.5,5.3969,4.607,4.6292,4.6548
2025-02-28,5.0,4.5,5.45718178571429,4.60025,4.62375,4.64375
2025-03-31,5.0,4.5,5.40750774193548,4.59425,4.6235,4.63925
2025-04-30,5.0,4.5,5.36609666666667,4.59,4.6115,4.63025
2025-05-31,5.0,4.5,5.36470387096774,4.5885,4.60475,4.626
2025-06-30,5.0,4.5,5.484387,4.589,4.607,4.6295
2025-07-31,5.0,4.5,5.45222225806452,4.5854,4.6022,4.6254
2025-08-31,5.0,4.5,5.40406935483871,4.57625,4.594,4.61475
2025-09-30,4.75,4.25,5.26381466666666,4.51175,4.52525,4.539
2025-10-31,4.5,4.0,5.20804225806452,4.3388,4.3438,4.351
2025-11-30,4.5,4.0,4.97107966666667,4.157,4.16525,4.176
2025-12-31,4.25,3.75,4.89347129032258,4.0006,4.007,4.0244
